O*NET-SOC Code,Title,Realistic,Investigative,Artistic,Social,Enterprising,Conventional,Extraversion,Agreeableness,Conscientiousness,Emotional_Stability,Openness
11-1011.00,Chief Executives,0.043333333,0.341666667,0.193333333,0.423333333,0.993333333,0.661666667,0.916289593,0.507352941,0.844861021,0.86199095,0.812217195
11-1021.00,General and Operations Managers,0.2,0.228333333,0.048333333,0.396666667,1,0.723333333,0.875565611,0.554298643,0.806399483,0.766968326,0.674208145
11-1031.00,Legislators,0.09,0.391666667,0.283333333,0.448333333,0.753333333,0.436666667,0.947963801,0.599547511,0.802521008,0.817647059,0.785822021
11-2011.00,Advertising and Promotions Managers,0,0.115,0.478333333,0.356666667,1,0.571666667,0.883484163,0.470022624,0.680995475,0.736199095,0.746606335
11-2021.00,Marketing Managers,0,0.316666667,0.241666667,0.303333333,1,0.616666667,0.841628959,0.472285068,0.712023271,0.737104072,0.786576169
11-2022.00,Sales Managers,0.081666667,0.111666667,0.06,0.395,1,0.755,0.915158371,0.520361991,0.755009696,0.77239819,0.634238311
11-2032.00,Public Relations Managers,0,0.223333333,0.445,0.53,1,0.565,0.893665158,0.636877828,0.772462831,0.833031674,0.733031674
11-2033.00,Fundraising Managers,0,0.235,0.268333333,0.46,1,0.636666667,0.907239819,0.626131222,0.770523594,0.687330317,0.654600302
11-3012.00,Administrative Services Managers,0.07,0.186666667,0.018333333,0.456666667,0.911666667,0.878333333,0.708144796,0.569004525,0.70782159,0.611764706,0.518853695
11-3013.00,Facilities Managers,0.525,0.266666667,0.101666667,0.43,0.725,0.725,0.729638009,0.528846154,0.776341306,0.666968326,0.570889894
11-3013.01,Security Managers,0.398333333,0.448333333,0.05,0.291666667,0.771666667,0.738333333,0.712669683,0.514140271,0.883968972,0.72760181,0.613122172
11-3021.00,Computer and Information Systems Managers,0.28,0.581666667,0.078333333,0.225,0.681666667,0.823333333,0.78280543,0.558823529,0.813833226,0.687782805,0.798642534
11-3031.00,Financial Managers,0.06,0.243333333,0.098333333,0.34,1,0.76,0.820135747,0.528846154,0.84324499,0.670135747,0.631221719
11-3031.01,Treasurers and Controllers,0,0.2,0.028333333,0.28,0.858333333,0.906666667,0.746606335,0.468325792,0.882029735,0.625339367,0.64479638
11-3031.03,Investment Fund Managers,0.08,0.461666667,0.108333333,0.281666667,0.991666667,0.701666667,0.720588235,0.377828054,0.878151261,0.731221719,0.769230769
11-3051.00,Industrial Production Managers,0.5,0.32,0.066666667,0.141666667,0.838333333,0.701666667,0.777149321,0.535633484,0.814156432,0.69638009,0.604826546
11-3051.01,Quality Control Systems Managers,0.43,0.52,0.046666667,0.178333333,0.681666667,0.736666667,0.7239819,0.557692308,0.879120879,0.646606335,0.587481146
11-3061.00,Purchasing Managers,0.248333333,0.128333333,0.033333333,0.283333333,1,0.83,0.7760181,0.5260181,0.803813833,0.652036199,0.57918552
11-3071.00,"Transportation, Storage, and Distribution Managers",0.433333333,0.273333333,0,0.231666667,0.831666667,0.79,0.753393665,0.536764706,0.823852618,0.687782805,0.604072398
11-3071.04,Supply Chain Managers,0.398333333,0.243333333,0,0.173333333,0.873333333,0.708333333,0.719457014,0.516402715,0.81092437,0.685972851,0.674962293
11-3111.00,Compensation and Benefits Managers,0,0.196666667,0.068333333,0.468333333,1,0.776666667,0.7239819,0.585972851,0.800904977,0.633484163,0.615384615
11-3121.00,Human Resources Managers,0.043333333,0.218333333,0.083333333,0.48,1,0.756666667,0.860859729,0.750565611,0.809631545,0.742081448,0.597285068
11-3131.00,Training and Development Managers,0.15,0.34,0.261666667,0.756666667,0.891666667,0.506666667,0.846153846,0.707013575,0.754363284,0.725339367,0.777526395
11-9013.00,"Farmers, Ranchers, and Other Agricultural Managers",0.693333333,0.29,0.01,0.271666667,0.753333333,0.588333333,0.697963801,0.441742081,0.768907563,0.668325792,0.613122172
11-9021.00,Construction Managers,0.613333333,0.363333333,0.116666667,0.225,0.788333333,0.633333333,0.806561086,0.554864253,0.831609567,0.739366516,0.604826546
11-9031.00,"Education and Childcare Administrators, Preschool and Daycare",0.033333333,0.316666667,0.296666667,0.91,0.641666667,0.588333333,0.859728507,0.791855204,0.78959276,0.770588235,0.610105581
11-9032.00,"Education Administrators, Kindergarten through Secondary",0.051666667,0.343333333,0.306666667,0.786666667,0.723333333,0.613333333,0.924208145,0.720588235,0.812863607,0.772850679,0.716440422
11-9033.00,"Education Administrators, Postsecondary",0,0.471666667,0.301666667,0.773333333,0.716666667,0.651666667,0.909502262,0.679298643,0.788623142,0.736651584,0.726998492
11-9041.00,Architectural and Engineering Managers,0.331666667,0.593333333,0.273333333,0.325,0.9,0.571666667,0.813348416,0.548642534,0.814156432,0.697285068,0.779788839
11-9051.00,Food Service Managers,0.526666667,0.16,0.105,0.421666667,0.828333333,0.676666667,0.841628959,0.627262443,0.755979315,0.72081448,0.518099548
11-9071.00,Gambling Managers,0.3,0.058333333,0.015,0.31,0.956666667,0.743333333,0.857466063,0.447963801,0.782159017,0.729864253,0.508295626
11-9072.00,"Entertainment and Recreation Managers, Except Gambling",0.391666667,0.16,0.163333333,0.488333333,0.875,0.673333333,0.851809955,0.628393665,0.723012282,0.755656109,0.580693816
11-9081.00,Lodging Managers,0.281666667,0.016666667,0.071666667,0.551666667,0.868333333,0.703333333,0.857466063,0.679864253,0.75727214,0.75158371,0.52413273
11-9111.00,Medical and Health Services Managers,0.175,0.458333333,0.075,0.566666667,0.825,0.695,0.882352941,0.702488688,0.858112476,0.768778281,0.713423831
11-9121.00,Natural Sciences Managers,0.29,0.811666667,0.24,0.348333333,0.766666667,0.536666667,0.814479638,0.560520362,0.811570782,0.701809955,0.856711916
11-9121.01,Clinical Research Coordinators,0.096666667,0.816666667,0.126666667,0.43,0.551666667,0.635,0.725113122,0.716063348,0.832579186,0.700904977,0.69306184
11-9131.00,Postmasters and Mail Superintendents,0.19,0.05,0.028333333,0.391666667,0.833333333,0.781666667,0.817873303,0.585972851,0.763413058,0.637104072,0.411010558
11-9141.00,"Property, Real Estate, and Community Association Managers",0.38,0.185,0.115,0.421666667,0.945,0.71,0.813348416,0.565045249,0.774402069,0.683257919,0.542986425
11-9151.00,Social and Community Service Managers,0,0.195,0.238333333,0.738333333,0.995,0.535,0.885746606,0.782239819,0.776987718,0.777375566,0.634992459
11-9161.00,Emergency Management Directors,0.421666667,0.581666667,0.136666667,0.501666667,0.678333333,0.615,0.865384615,0.679298643,0.89269554,0.850678733,0.770739065
11-9171.00,Funeral Home Managers,0.301666667,0.22,0.148333333,0.558333333,0.896666667,0.593333333,0.835972851,0.873868778,0.805429864,0.717647059,0.505279035
11-9179.01,Fitness and Wellness Coordinators,0.368333333,0.281666667,0.19,0.763333333,0.736666667,0.441666667,0.839366516,0.669117647,0.719133807,0.718099548,0.570135747
11-9179.02,Spa Managers,0.25,0.051666667,0.14,0.531666667,1,0.651666667,0.85520362,0.674208145,0.735617324,0.719909502,0.554298643
11-9199.01,Regulatory Affairs Managers,0.155,0.331666667,0.056666667,0.275,0.925,0.778333333,0.716063348,0.548076923,0.888817065,0.674660633,0.654600302
11-9199.08,Loss Prevention Managers,0.405,0.436666667,0,0.308333333,0.77,0.808333333,0.726244344,0.390271493,0.882029735,0.695927602,0.553544495
13-1011.00,"Agents and Business Managers of Artists, Performers, and Athletes",0,0.126666667,0.425,0.523333333,0.913333333,0.455,0.863122172,0.488122172,0.736586942,0.763800905,0.647058824
13-1021.00,"Buyers and Purchasing Agents, Farm Products",0.593333333,0.141666667,0.013333333,0.123333333,0.651666667,0.633333333,0.645927602,0.506221719,0.741111829,0.609049774,0.536953243
13-1022.00,"Wholesale and Retail Buyers, Except Farm Products",0.395,0.153333333,0.093333333,0.241666667,0.705,0.695,0.683257919,0.466063348,0.737233355,0.64479638,0.604072398
13-1023.00,"Purchasing Agents, Except Wholesale, Retail, and Farm Products",0.416666667,0.136666667,0.031666667,0.155,0.681666667,0.775,0.622171946,0.525452489,0.770523594,0.615837104,0.57239819
13-1031.00,"Claims Adjusters, Examiners, and Investigators",0.038333333,0.421666667,0,0.268333333,0.628333333,0.871666667,0.54638009,0.549773756,0.804460246,0.633484163,0.523378582
13-1032.00,"Insurance Appraisers, Auto Damage",0.695,0.34,0.026666667,0.106666667,0.423333333,0.74,0.510180995,0.48699095,0.707175178,0.560633484,0.425339367
13-1041.00,Compliance Officers,0.251666667,0.345,0,0.328333333,0.513333333,0.888333333,0.555429864,0.544683258,0.758564964,0.563800905,0.375565611
13-1041.04,Government Property Inspectors and Investigators,0.348333333,0.386666667,0,0.235,0.533333333,0.876666667,0.519230769,0.410633484,0.790885585,0.55158371,0.374811463
13-1041.06,Coroners,0.506666667,0.656666667,0.083333333,0.35,0.515,0.643333333,0.567873303,0.569570136,0.842598578,0.681447964,0.57239819
13-1041.07,Regulatory Affairs Specialists,0.066666667,0.386666667,0,0.25,0.576666667,0.886666667,0.520361991,0.524886878,0.827731092,0.580995475,0.535444947
13-1041.08,Customs Brokers,0.228333333,0.088333333,0,0.195,0.67,0.855,0.537330317,0.516402715,0.816742081,0.601809955,0.503016591
13-1051.00,Cost Estimators,0.335,0.363333333,0.02,0.11,0.608333333,0.906666667,0.567873303,0.437217195,0.786683904,0.581900452,0.531674208
13-1071.00,Human Resources Specialists,0.005,0.253333333,0.058333333,0.463333333,0.778333333,0.753333333,0.702488688,0.718891403,0.748545572,0.660633484,0.555806938
13-1074.00,Farm Labor Contractors,0.641666667,0.09,0,0.373333333,0.665,0.565,0.755656109,0.592760181,0.630898513,0.613574661,0.346153846
13-1075.00,Labor Relations Specialists,0.051666667,0.35,0.118333333,0.453333333,0.775,0.601666667,0.766968326,0.617081448,0.762766645,0.728506787,0.573906486
13-1081.00,Logisticians,0.225,0.468333333,0.016666667,0.221666667,0.67,0.74,0.713800905,0.596719457,0.797672915,0.674660633,0.618401207
13-1081.01,Logistics Engineers,0.503333333,0.703333333,0.011666667,0.051666667,0.46,0.778333333,0.519230769,0.431561086,0.774725275,0.588235294,0.778280543
13-1081.02,Logistics Analysts,0.313333333,0.506666667,0,0.086666667,0.578333333,0.965,0.46040724,0.425339367,0.740465417,0.561085973,0.621417798
13-1082.00,Project Management Specialists,0.08,0.291666667,0.095,0.386666667,0.883333333,0.758333333,0.84841629,0.610859729,0.830963154,0.759276018,0.674962293
13-1111.00,Management Analysts,0.061666667,0.74,0.105,0.303333333,0.635,0.841666667,0.729638009,0.563914027,0.798319328,0.667420814,0.792609351
13-1121.00,"Meeting, Convention, and Event Planners",0,0.093333333,0.248333333,0.593333333,1,0.66,0.805429864,0.61821267,0.800581771,0.775565611,0.590497738
13-1131.00,Fundraisers,0,0.17,0.37,0.538333333,0.838333333,0.511666667,0.883484163,0.701357466,0.766321913,0.732579186,0.614630468
13-1141.00,"Compensation, Benefits, and Job Analysis Specialists",0.048333333,0.403333333,0.068333333,0.44,0.73,0.8,0.566742081,0.548076923,0.747575953,0.559728507,0.56561086
13-1151.00,Training and Development Specialists,0.171666667,0.505,0.365,0.773333333,0.446666667,0.46,0.792986425,0.705882353,0.720103426,0.722171946,0.757918552
13-1161.00,Market Research Analysts and Marketing Specialists,0.013333333,0.6,0.26,0.245,0.753333333,0.603333333,0.602941176,0.5,0.704912734,0.585067873,0.754147813
13-1161.01,Search Marketing Strategists,0,0.463333333,0.371666667,0.293333333,0.756666667,0.613333333,0.578054299,0.44061086,0.720103426,0.619457014,0.786576169
13-1199.04,Business Continuity Planners,0.166666667,0.565,0.11,0.343333333,0.705,0.676666667,0.676470588,0.514705882,0.872333549,0.713574661,0.75188537
13-1199.06,Online Merchants,0.236666667,0.101666667,0.146666667,0.22,0.796666667,0.828333333,0.520361991,0.460972851,0.738849386,0.625791855,0.590497738
13-1199.07,Security Management Specialists,0.476666667,0.681666667,0.113333333,0.16,0.455,0.78,0.650452489,0.442873303,0.882676147,0.667873303,0.687782805
13-2011.00,Accountants and Auditors,0.023333333,0.428333333,0.013333333,0.188333333,0.478333333,1,0.471719457,0.475678733,0.829347123,0.536199095,0.5
13-2022.00,Appraisers of Personal and Business Property,0.431666667,0.261666667,0.181666667,0.113333333,0.608333333,0.833333333,0.404977376,0.385746606,0.722365869,0.495475113,0.539969834
13-2023.00,Appraisers and Assessors of Real Estate,0.283333333,0.308333333,0.101666667,0.271666667,0.645,0.801666667,0.483031674,0.436651584,0.762766645,0.543891403,0.539969834
13-2031.00,Budget Analysts,0,0.453333333,0.096666667,0.208333333,0.651666667,1,0.479638009,0.439479638,0.794440853,0.558823529,0.574660633
13-2041.00,Credit Analysts,0,0.465,0,0.235,0.591666667,0.975,0.418552036,0.428167421,0.807369101,0.521719457,0.550527903
13-2051.00,Financial and Investment Analysts,0,0.676666667,0.13,0.208333333,0.681666667,0.756666667,0.596153846,0.426470588,0.837104072,0.630316742,0.752639517
13-2052.00,Personal Financial Advisors,0,0.378333333,0.115,0.511666667,0.808333333,0.768333333,0.771493213,0.64479638,0.888493859,0.697737557,0.708898944
13-2053.00,Insurance Underwriters,0.12,0.44,0,0.306666667,0.583333333,0.86,0.343891403,0.393665158,0.768584357,0.514932127,0.495475113
13-2054.00,Financial Risk Specialists,0.111666667,0.66,0.051666667,0.246666667,0.653333333,0.726666667,0.471719457,0.367647059,0.842275372,0.599547511,0.791101056
13-2061.00,Financial Examiners,0.056666667,0.433333333,0,0.25,0.605,0.9,0.649321267,0.486425339,0.866515837,0.599547511,0.608597285
13-2071.00,Credit Counselors,0,0.275,0.133333333,0.648333333,0.621666667,0.725,0.688914027,0.794683258,0.809308339,0.7,0.564856712
13-2072.00,Loan Officers,0.071666667,0.22,0,0.441666667,0.663333333,0.846666667,0.711538462,0.588800905,0.83387201,0.646606335,0.552790347
13-2081.00,"Tax Examiners and Collectors, and Revenue Agents",0.035,0.245,0,0.358333333,0.563333333,0.975,0.489819005,0.505656109,0.779573368,0.565158371,0.365761689
13-2082.00,Tax Preparers,0.195,0.23,0,0.21,0.396666667,0.965,0.485294118,0.544683258,0.765675501,0.557466063,0.454751131
13-2099.01,Financial Quantitative Analysts,0.105,0.945,0.141666667,0.096666667,0.408333333,0.798333333,0.372171946,0.36199095,0.806076277,0.571945701,0.788838612
13-2099.04,"Fraud Examiners, Investigators and Analysts",0.168333333,0.611666667,0.036666667,0.158333333,0.595,0.77,0.601809955,0.42760181,0.884292178,0.666968326,0.709653092
15-1211.00,Computer Systems Analysts,0.378333333,0.898333333,0.163333333,0.151666667,0.205,0.821666667,0.495475113,0.520927602,0.746929541,0.601809955,0.80015083
15-1211.01,Health Informatics Specialists,0.306666667,0.881666667,0.165,0.586666667,0.18,0.618333333,0.653846154,0.649321267,0.822236587,0.676470588,0.794871795
15-1212.00,Information Security Analysts,0.426666667,0.733333333,0.056666667,0.185,0.308333333,0.846666667,0.515837104,0.455316742,0.889463478,0.643438914,0.803167421
15-1221.00,Computer and Information Research Scientists,0.456666667,1,0.325,0.166666667,0.248333333,0.633333333,0.50678733,0.45418552,0.780866193,0.60678733,0.907993967
15-1231.00,Computer Network Support Specialists,0.563333333,0.601666667,0,0.213333333,0.273333333,0.741666667,0.376696833,0.453054299,0.787330317,0.61040724,0.667420814
15-1232.00,Computer User Support Specialists,0.521666667,0.461666667,0,0.385,0.226666667,0.836666667,0.54638009,0.614819005,0.715255333,0.643438914,0.618401207
15-1241.00,Computer Network Architects,0.506666667,0.713333333,0.208333333,0.195,0.366666667,0.676666667,0.53280543,0.459276018,0.824175824,0.612217195,0.80015083
15-1241.01,Telecommunications Engineering Specialists,0.59,0.548333333,0.15,0.218333333,0.345,0.658333333,0.588235294,0.509615385,0.779250162,0.621719457,0.73453997
15-1242.00,Database Administrators,0.305,0.638333333,0.033333333,0.215,0.323333333,0.935,0.45361991,0.437782805,0.817388494,0.561538462,0.678733032
15-1243.00,Database Architects,0.271666667,0.771666667,0.193333333,0.151666667,0.28,0.853333333,0.466063348,0.424773756,0.794440853,0.552941176,0.77224736
15-1243.01,Data Warehousing Specialists,0.321666667,0.631666667,0.103333333,0.171666667,0.341666667,0.896666667,0.320135747,0.377262443,0.796703297,0.501809955,0.715686275
15-1244.00,Network and Computer Systems Administrators,0.531666667,0.506666667,0,0.203333333,0.41,0.863333333,0.42081448,0.440045249,0.809954751,0.616742081,0.684012066
15-1251.00,Computer Programmers,0.395,0.683333333,0.251666667,0.163333333,0.181666667,0.82,0.270361991,0.410633484,0.739819005,0.486425339,0.747360483
15-1252.00,Software Developers,0.435,0.841666667,0.228333333,0.135,0.145,0.77,0.54638009,0.481900452,0.777957337,0.593665158,0.815987934
15-1253.00,Software Quality Assurance Analysts and Testers,0.466666667,0.793333333,0.115,0.088333333,0.095,0.778333333,0.337104072,0.476244344,0.778926955,0.54479638,0.653092006
15-1254.00,Web Developers,0.33,0.668333333,0.355,0.203333333,0.326666667,0.671666667,0.375565611,0.405542986,0.744667098,0.55520362,0.757918552
15-1255.00,Web and Digital Interface Designers,0.265,0.646666667,0.58,0.2,0.355,0.566666667,0.519230769,0.533936652,0.679379444,0.60678733,0.785067873
15-1255.01,Video Game Designers,0.295,0.525,0.896666667,0.216666667,0.486666667,0.475,0.671945701,0.520361991,0.650614092,0.660633484,0.870286576
15-1299.01,Web Administrators,0.241666667,0.568333333,0.236666667,0.211666667,0.461666667,0.756666667,0.430995475,0.423076923,0.785067873,0.576923077,0.714932127
15-1299.02,Geographic Information Systems Technologists and Technicians,0.543333333,0.698333333,0.218333333,0.155,0.155,0.813333333,0.436651584,0.458710407,0.711376858,0.514027149,0.702865762
15-1299.03,Document Management Specialists,0.125,0.481666667,0.135,0.215,0.321666667,0.956666667,0.424208145,0.46719457,0.76664512,0.504977376,0.612368024
15-1299.04,Penetration Testers,0.485,0.698333333,0.051666667,0.165,0.183333333,0.696666667,0.254524887,0.270927602,0.860051713,0.573755656,0.833333333
15-1299.05,Information Security Engineers,0.55,0.756666667,0.055,0.138333333,0.276666667,0.843333333,0.438914027,0.408936652,0.887847447,0.665158371,0.81372549
15-1299.06,Digital Forensics Analysts,0.366666667,0.851666667,0.115,0.108333333,0.285,0.838333333,0.305429864,0.408936652,0.879767292,0.635294118,0.781297134
15-1299.07,Blockchain Engineers,0.4,0.713333333,0.178333333,0.095,0.398333333,0.781666667,0.321266968,0.398190045,0.860698125,0.585520362,0.851432881
15-1299.08,Computer Systems Engineers/Architects,0.516666667,0.743333333,0.146666667,0.183333333,0.338333333,0.793333333,0.595022624,0.497737557,0.819327731,0.649773756,0.819758673
15-1299.09,Information Technology Project Managers,0.121666667,0.478333333,0.128333333,0.278333333,0.818333333,0.718333333,0.830316742,0.594457014,0.838720103,0.747511312,0.723227753
15-2011.00,Actuaries,0.13,0.575,0.021666667,0.248333333,0.388333333,0.881666667,0.507918552,0.441176471,0.819004525,0.518099548,0.673453997
15-2021.00,Mathematicians,0.37,1,0.371666667,0.158333333,0.018333333,0.671666667,0.31561086,0.382918552,0.779896574,0.50361991,0.885369532
15-2031.00,Operations Research Analysts,0.15,0.876666667,0.196666667,0.17,0.356666667,0.793333333,0.523755656,0.459276018,0.773109244,0.585067873,0.818250377
15-2041.00,Statisticians,0.19,0.93,0.128333333,0.118333333,0.136666667,0.838333333,0.333710407,0.406108597,0.778926955,0.477375566,0.774509804
15-2041.01,Biostatisticians,0.238333333,1,0.3,0.351666667,0.163333333,0.566666667,0.449095023,0.455316742,0.807045895,0.547511312,0.828808446
15-2051.00,Data Scientists,0.195,0.996666667,0.268333333,0.11,0.118333333,0.731666667,0.397058824,0.419683258,0.784421461,0.575565611,0.878582202
15-2051.01,Business Intelligence Analysts,0.04,0.735,0.155,0.141666667,0.57,0.798333333,0.445701357,0.402149321,0.767937944,0.556108597,0.696832579
15-2051.02,Clinical Data Managers,0.041666667,0.776666667,0.045,0.303333333,0.383333333,0.93,0.540723982,0.501131222,0.819650937,0.568325792,0.66214178
15-2099.01,Bioinformatics Technicians,0.468333333,0.903333333,0.096666667,0.115,0,0.84,0.324660633,0.447963801,0.766321913,0.542533937,0.794871795
17-1011.00,"Architects, Except Landscape and Naval",0.653333333,0.48,0.521666667,0.255,0.441666667,0.573333333,0.673076923,0.529411765,0.780866193,0.61719457,0.787330317
17-1012.00,Landscape Architects,0.736666667,0.621666667,0.613333333,0.278333333,0.441666667,0.45,0.654977376,0.557126697,0.731738849,0.620361991,0.751131222
17-1021.00,Cartographers and Photogrammetrists,0.603333333,0.696666667,0.425,0.13,0.106666667,0.723333333,0.326923077,0.352941176,0.732708468,0.468325792,0.66892911
17-1022.00,Surveyors,0.708333333,0.621666667,0.186666667,0.105,0.146666667,0.715,0.4739819,0.382352941,0.775371687,0.489140271,0.423831071
17-1022.01,Geodetic Surveyors,0.75,0.733333333,0.09,0.123333333,0.101666667,0.715,0.469457014,0.321832579,0.722042663,0.430316742,0.57239819
17-2011.00,Aerospace Engineers,0.775,0.841666667,0.225,0.041666667,0.253333333,0.573333333,0.535067873,0.449095023,0.824822237,0.598642534,0.794117647
17-2021.00,Agricultural Engineers,0.941666667,0.881666667,0.198333333,0.121666667,0.218333333,0.461666667,0.619909502,0.521493213,0.774402069,0.609954751,0.760180995
17-2031.00,Bioengineers and Biomedical Engineers,0.74,0.958333333,0.185,0.241666667,0.14,0.58,0.576923077,0.545248869,0.811247576,0.630316742,0.849170437
17-2041.00,Chemical Engineers,0.878333333,0.791666667,0.133333333,0.003333333,0.141666667,0.59,0.511312217,0.43438914,0.811570782,0.622171946,0.790346908
17-2051.00,Civil Engineers,0.905,0.691666667,0.201666667,0.115,0.276666667,0.601666667,0.645927602,0.493778281,0.814479638,0.636651584,0.733031674
17-2051.01,Transportation Engineers,0.728333333,0.68,0.188333333,0.161666667,0.348333333,0.568333333,0.522624434,0.472850679,0.796056884,0.587782805,0.68627451
17-2061.00,Computer Hardware Engineers,0.781666667,0.76,0.138333333,0.136666667,0.163333333,0.728333333,0.490950226,0.42081448,0.768261151,0.567873303,0.798642534
17-2071.00,Electrical Engineers,0.836666667,0.741666667,0.186666667,0.12,0.24,0.571666667,0.564479638,0.46719457,0.799288946,0.584615385,0.743589744
17-2072.00,"Electronics Engineers, Except Computer",0.873333333,0.801666667,0.171666667,0.098333333,0.103333333,0.613333333,0.501131222,0.432692308,0.787007111,0.56561086,0.779034691
17-2072.01,Radio Frequency Identification Device Specialists,0.68,0.641666667,0.068333333,0.09,0.093333333,0.718333333,0.446832579,0.399886878,0.764382676,0.542533937,0.763951735
17-2081.00,Environmental Engineers,0.695,0.85,0.16,0.203333333,0.361666667,0.598333333,0.64479638,0.558257919,0.813833226,0.625339367,0.7760181
17-2111.00,"Health and Safety Engineers, Except Mining Safety Engineers and Inspectors",0.726666667,0.771666667,0.006666667,0.195,0.211666667,0.613333333,0.627828054,0.594457014,0.844537815,0.688687783,0.709653092
17-2111.02,Fire-Prevention and Protection Engineers,0.888333333,0.698333333,0.078333333,0.306666667,0.3,0.578333333,0.623303167,0.528846154,0.844537815,0.626244344,0.74811463
17-2112.00,Industrial Engineers,0.66,0.665,0.096666667,0.061666667,0.381666667,0.725,0.608597285,0.491515837,0.783775048,0.605429864,0.74811463
17-2112.01,Human Factors Engineers and Ergonomists,0.59,0.868333333,0.275,0.191666667,0.265,0.566666667,0.562217195,0.628393665,0.762120233,0.607239819,0.80015083
17-2112.02,Validation Engineers,0.641666667,0.76,0.08,0.071666667,0.17,0.678333333,0.518099548,0.490950226,0.823206206,0.57239819,0.632730015
17-2112.03,Manufacturing Engineers,0.711666667,0.588333333,0.203333333,0.1,0.348333333,0.568333333,0.54638009,0.463235294,0.776341306,0.62081448,0.749622926
17-2121.00,Marine Engineers and Naval Architects,0.79,0.785,0.27,0.045,0.376666667,0.551666667,0.583710407,0.471719457,0.814802844,0.626696833,0.76546003
17-2131.00,Materials Engineers,0.813333333,0.803333333,0.256666667,0.063333333,0.176666667,0.518333333,0.545248869,0.447963801,0.798319328,0.578733032,0.788838612
17-2141.00,Mechanical Engineers,0.898333333,0.686666667,0.17,0.036666667,0.161666667,0.638333333,0.510180995,0.452488688,0.788946348,0.561085973,0.760935143
17-2141.01,Fuel Cell Engineers,0.755,0.728333333,0.138333333,0.073333333,0.251666667,0.51,0.530542986,0.426470588,0.804460246,0.582352941,0.821266968
17-2141.02,Automotive Engineers,0.861666667,0.778333333,0.258333333,0.061666667,0.188333333,0.51,0.555429864,0.447963801,0.779250162,0.609049774,0.795625943
17-2151.00,"Mining and Geological Engineers, Including Mining Safety Engineers",0.846666667,0.763333333,0.091666667,0.14,0.291666667,0.606666667,0.60520362,0.489253394,0.83387201,0.664705882,0.735294118
17-2161.00,Nuclear Engineers,0.653333333,0.906666667,0.175,0.148333333,0.255,0.58,0.53280543,0.51300905,0.882999354,0.693665158,0.767722474
17-2171.00,Petroleum Engineers,0.728333333,0.721666667,0.153333333,0.13,0.34,0.553333333,0.566742081,0.431561086,0.821913381,0.642533937,0.763951735
17-2199.03,"Energy Engineers, Except Wind and Solar",0.7,0.615,0.171666667,0.206666667,0.348333333,0.566666667,0.559954751,0.480769231,0.788299935,0.587782805,0.753393665
17-2199.05,Mechatronics Engineers,0.78,0.758333333,0.238333333,0.096666667,0.12,0.64,0.494343891,0.411199095,0.786360698,0.562443439,0.801659125
17-2199.06,Microsystems Engineers,0.746666667,0.865,0.155,0.091666667,0.066666667,0.651666667,0.469457014,0.404411765,0.792501616,0.550226244,0.80693816
17-2199.07,Photonics Engineers,0.816666667,0.813333333,0.3,0.065,0.116666667,0.493333333,0.457013575,0.40780543,0.777310924,0.559276018,0.819004525
17-2199.08,Robotics Engineers,0.863333333,0.768333333,0.131666667,0.081666667,0.131666667,0.58,0.464932127,0.383484163,0.796703297,0.563800905,0.807692308
17-2199.09,Nanosystems Engineers,0.718333333,0.85,0.226666667,0.078333333,0.261666667,0.506666667,0.580316742,0.456447964,0.837427279,0.611312217,0.901960784
17-3011.00,Architectural and Civil Drafters,0.756666667,0.538333333,0.58,0.091666667,0.088333333,0.648333333,0.35520362,0.371606335,0.701357466,0.48280543,0.513574661
17-3012.00,Electrical and Electronics Drafters,0.77,0.406666667,0.343333333,0.053333333,0.15,0.755,0.304298643,0.400452489,0.683904331,0.458823529,0.441930618
17-3013.00,Mechanical Drafters,0.826666667,0.465,0.436666667,0.035,0.06,0.641666667,0.35520362,0.375,0.678409825,0.448868778,0.484917044
17-3021.00,Aerospace Engineering and Operations Technologists and Technicians,0.911666667,0.685,0,0,0.073333333,0.718333333,0.372171946,0.440045249,0.748545572,0.598190045,0.604072398
17-3022.00,Civil Engineering Technologists and Technicians,0.791666667,0.728333333,0.313333333,0.091666667,0.166666667,0.711666667,0.406108597,0.439479638,0.728829994,0.488687783,0.518099548
17-3023.00,Electrical and Electronic Engineering Technologists and Technicians,0.876666667,0.7,0.126666667,0.13,0.051666667,0.666666667,0.38800905,0.420248869,0.753716871,0.542533937,0.642533937
17-3024.00,Electro-Mechanical and Mechatronics Technologists and Technicians,1,0.563333333,0.063333333,0,0,0.596666667,0.270361991,0.369909502,0.739172592,0.537104072,0.601809955
17-3024.01,Robotics Technicians,0.99,0.48,0,0.021666667,0.061666667,0.611666667,0.35520362,0.38800905,0.739172592,0.557918552,0.647058824
17-3025.00,Environmental Engineering Technologists and Technicians,0.88,0.816666667,0.121666667,0.076666667,0.053333333,0.633333333,0.35520362,0.467760181,0.756625727,0.550678733,0.624434389
17-3026.00,Industrial Engineering Technologists and Technicians,0.723333333,0.688333333,0.036666667,0.073333333,0.218333333,0.7,0.408371041,0.433257919,0.716548158,0.507692308,0.546757164
17-3026.01,Nanotechnology Engineering Technologists and Technicians,0.86,0.663333333,0.091666667,0.008333333,0.168333333,0.638333333,0.326923077,0.45361991,0.803167421,0.579638009,0.709653092
17-3027.00,Mechanical Engineering Technologists and Technicians,0.876666667,0.728333333,0.198333333,0.031666667,0.013333333,0.626666667,0.408371041,0.433257919,0.748222366,0.538914027,0.69306184
17-3027.01,Automotive Engineering Technicians,1,0.728333333,0.068333333,0,0.041666667,0.575,0.341628959,0.396493213,0.741758242,0.518552036,0.674962293
17-3028.00,Calibration Technologists and Technicians,0.883333333,0.521666667,0.02,0.093333333,0,0.765,0.279411765,0.385180995,0.773755656,0.516289593,0.600301659
17-3029.01,Non-Destructive Testing Specialists,0.901666667,0.661666667,0.056666667,0.066666667,0,0.593333333,0.372171946,0.402149321,0.793794441,0.54841629,0.490196078
17-3029.08,Photonics Technicians,1,0.53,0,0,0,0.743333333,0.313348416,0.410067873,0.733678087,0.515837104,0.577677225
17-3031.00,Surveying and Mapping Technicians,0.823333333,0.505,0.151666667,0,0,0.771666667,0.28280543,0.364253394,0.690045249,0.449773756,0.500754148
19-1011.00,Animal Scientists,0.706666667,0.988333333,0.16,0.161666667,0.233333333,0.393333333,0.523755656,0.490950226,0.746283129,0.527149321,0.790346908
19-1012.00,Food Scientists and Technologists,0.675,0.785,0.241666667,0.193333333,0.263333333,0.491666667,0.545248869,0.4739819,0.795733678,0.576923077,0.791101056
19-1013.00,Soil and Plant Scientists,0.905,0.951666667,0.185,0.111666667,0.118333333,0.401666667,0.552036199,0.438914027,0.710084034,0.536199095,0.819004525
19-1021.00,Biochemists and Biophysicists,0.685,1,0.268333333,0.191666667,0.138333333,0.44,0.540723982,0.492647059,0.803813833,0.570135747,0.839366516
19-1022.00,Microbiologists,0.715,1,0.153333333,0.163333333,0.011666667,0.475,0.461538462,0.463235294,0.8177117,0.548868778,0.820512821
19-1023.00,Zoologists and Wildlife Biologists,0.738333333,0.998333333,0.218333333,0.258333333,0.221666667,0.45,0.623303167,0.591628959,0.76405947,0.609049774,0.80693816
19-1029.01,Bioinformatics Scientists,0.468333333,1,0.251666667,0.106666667,0.043333333,0.673333333,0.4739819,0.445135747,0.778926955,0.562443439,0.889894419
19-1029.02,Molecular and Cellular Biologists,0.671666667,0.943333333,0.158333333,0.211666667,0.263333333,0.683333333,0.573529412,0.479638009,0.832902392,0.612669683,0.847662142
19-1029.03,Geneticists,0.508333333,1,0.325,0.318333333,0.101666667,0.63,0.608597285,0.529977376,0.831609567,0.603167421,0.87933635
19-1029.04,Biologists,0.518333333,1,0.233333333,0.27,0.293333333,0.575,0.613122172,0.536199095,0.744020685,0.532126697,0.827300151
19-1031.00,Conservation Scientists,0.691666667,0.783333333,0.161666667,0.311666667,0.36,0.496666667,0.647058824,0.59841629,0.77343245,0.628054299,0.730769231
19-1031.02,Range Managers,0.793333333,0.67,0.078333333,0.236666667,0.565,0.446666667,0.649321267,0.576357466,0.75727214,0.624434389,0.683257919
19-1031.03,Park Naturalists,0.563333333,0.54,0.456666667,0.645,0.41,0.405,0.676470588,0.579751131,0.630252101,0.599547511,0.626696833
19-1032.00,Foresters,0.72,0.58,0.041666667,0.216666667,0.463333333,0.565,0.673076923,0.528846154,0.770523594,0.612217195,0.647812971
19-1041.00,Epidemiologists,0.303333333,1,0.198333333,0.518333333,0.228333333,0.438333333,0.654977376,0.667986425,0.834195217,0.678733032,0.805429864
19-1042.00,"Medical Scientists, Except Epidemiologists",0.545,1,0.236666667,0.381666667,0.203333333,0.45,0.548642534,0.536764706,0.861021332,0.642533937,0.844645551
19-2011.00,Astronomers,0.678333333,1,0.38,0.285,0.145,0.506666667,0.607466063,0.523190045,0.779896574,0.604524887,0.889894419
19-2012.00,Physicists,0.656666667,1,0.291666667,0.186666667,0.128333333,0.633333333,0.444570136,0.405542986,0.768584357,0.529411765,0.888386124
19-2021.00,Atmospheric and Space Scientists,0.628333333,0.876666667,0.286666667,0.248333333,0.28,0.575,0.475113122,0.437217195,0.768261151,0.615384615,0.806184012
19-2031.00,Chemists,0.778333333,0.951666667,0.086666667,0.023333333,0.1,0.635,0.421945701,0.427036199,0.810601164,0.55158371,0.835595777
19-2032.00,Materials Scientists,0.803333333,0.931666667,0.195,0.065,0.143333333,0.525,0.461538462,0.44061086,0.777634131,0.552941176,0.85520362
19-2041.00,"Environmental Scientists and Specialists, Including Health",0.626666667,1,0.145,0.291666667,0.26,0.553333333,0.628959276,0.574095023,0.804137039,0.621266968,0.773755656
19-2042.00,"Geoscientists, Except Hydrologists and Geographers",0.765,1,0.286666667,0.206666667,0.108333333,0.526666667,0.463800905,0.429298643,0.754040078,0.559276018,0.835595777
19-2043.00,Hydrologists,0.806666667,0.901666667,0.105,0.19,0.215,0.551666667,0.495475113,0.4739819,0.779250162,0.549321267,0.78959276
19-2099.01,Remote Sensing Scientists and Technologists,0.643333333,0.848333333,0.155,0.045,0.073333333,0.635,0.469457014,0.429298643,0.768907563,0.553846154,0.834841629
19-3011.00,Economists,0.058333333,1,0.238333333,0.233333333,0.488333333,0.588333333,0.528280543,0.407239819,0.768584357,0.588235294,0.832579186
19-3022.00,Survey Researchers,0.113333333,0.851666667,0.218333333,0.223333333,0.336666667,0.708333333,0.623303167,0.558823529,0.741111829,0.557466063,0.737556561
19-3032.00,Industrial-Organizational Psychologists,0.008333333,0.723333333,0.355,0.498333333,0.618333333,0.546666667,0.74321267,0.707013575,0.802521008,0.710859729,0.851432881
19-3033.00,Clinical and Counseling Psychologists,0.008333333,0.763333333,0.343333333,0.928333333,0.275,0.415,0.699095023,0.882918552,0.81512605,0.783710407,0.74811463
19-3034.00,School Psychologists,0,0.666666667,0.385,0.961666667,0.303333333,0.501666667,0.727375566,0.860859729,0.816095669,0.795022624,0.71040724
19-3039.02,Neuropsychologists,0.271666667,1,0.38,0.715,0.115,0.386666667,0.589366516,0.750565611,0.826115061,0.631221719,0.773001508
19-3039.03,Clinical Neuropsychologists,0.303333333,1,0.233333333,0.781666667,0.178333333,0.415,0.634615385,0.785633484,0.844861021,0.7,0.776772247
19-3041.00,Sociologists,0.093333333,0.916666667,0.498333333,0.56,0.346666667,0.433333333,0.609728507,0.663461538,0.70361991,0.575113122,0.847662142
19-3051.00,Urban and Regional Planners,0.37,0.718333333,0.343333333,0.338333333,0.576666667,0.493333333,0.727375566,0.637443439,0.777634131,0.67918552,0.769230769
19-3091.00,Anthropologists and Archeologists,0.498333333,0.973333333,0.535,0.445,0.105,0.365,0.630090498,0.660067873,0.733678087,0.609954751,0.873303167
19-3092.00,Geographers,0.685,0.956666667,0.448333333,0.286666667,0.183333333,0.448333333,0.441176471,0.43438914,0.70103426,0.52081448,0.804675716
19-3093.00,Historians,0.231666667,0.72,0.45,0.37,0.225,0.645,0.423076923,0.476244344,0.74272786,0.460633484,0.784313725
19-3094.00,Political Scientists,0,0.951666667,0.478333333,0.403333333,0.435,0.42,0.562217195,0.449095023,0.724628313,0.590950226,0.843137255
19-3099.01,Transportation Planners,0.431666667,0.766666667,0.168333333,0.126666667,0.356666667,0.645,0.625565611,0.569004525,0.749838397,0.578733032,0.736802413
19-4012.00,Agricultural Technicians,0.97,0.595,0,0.076666667,0.165,0.543333333,0.416289593,0.470022624,0.702003878,0.540271493,0.563348416
19-4012.01,Precision Agriculture Technicians,0.91,0.733333333,0.038333333,0.065,0.185,0.658333333,0.38800905,0.413461538,0.76405947,0.533484163,0.747360483
19-4013.00,Food Science Technicians,0.761666667,0.585,0.055,0.121666667,0.16,0.673333333,0.406108597,0.468891403,0.723012282,0.497285068,0.453242836
19-4021.00,Biological Technicians,0.766666667,0.726666667,0.033333333,0.161666667,0.051666667,0.77,0.306561086,0.481900452,0.753070459,0.519004525,0.621417798
19-4031.00,Chemical Technicians,0.741666667,0.8,0.085,0.106666667,0.021666667,0.708333333,0.346153846,0.471153846,0.776341306,0.533484163,0.593514329
19-4042.00,"Environmental Science and Protection Technicians, Including Health",0.805,0.766666667,0.038333333,0.155,0.058333333,0.655,0.45361991,0.524886878,0.772139625,0.593665158,0.624434389
19-4043.00,"Geological Technicians, Except Hydrologic Technicians",0.766666667,0.696666667,0.046666667,0.076666667,0.018333333,0.723333333,0.302036199,0.410633484,0.680995475,0.444343891,0.576168929
19-4044.00,Hydrologic Technicians,0.746666667,0.653333333,0,0.113333333,0.078333333,0.713333333,0.365384615,0.483031674,0.75468649,0.524886878,0.650075415
19-4051.00,Nuclear Technicians,0.791666667,0.595,0,0.138333333,0.21,0.678333333,0.32239819,0.552036199,0.832902392,0.651131222,0.453996983
19-4051.02,Nuclear Monitoring Technicians,0.85,0.571666667,0,0.15,0.088333333,0.751666667,0.42081448,0.592760181,0.8177117,0.647963801,0.399698341
19-4061.00,Social Science Research Assistants,0.23,0.846666667,0.148333333,0.278333333,0.211666667,0.821666667,0.384615385,0.494343891,0.742081448,0.504072398,0.671945701
19-4071.00,Forest and Conservation Technicians,0.921666667,0.561666667,0,0.301666667,0.245,0.62,0.595022624,0.531108597,0.707175178,0.595475113,0.525641026
19-4092.00,Forensic Science Technicians,0.696666667,0.823333333,0.128333333,0.083333333,0.098333333,0.663333333,0.415158371,0.512443439,0.838720103,0.670135747,0.673453997
19-4099.01,Quality Control Analysts,0.518333333,0.646666667,0,0.035,0.266666667,0.833333333,0.35520362,0.4739819,0.793794441,0.531674208,0.494720965
19-4099.03,Remote Sensing Technicians,0.683333333,0.6,0.19,0.085,0.118333333,0.706666667,0.357466063,0.400452489,0.709114415,0.529864253,0.684012066
19-5011.00,Occupational Health and Safety Specialists,0.575,0.663333333,0.046666667,0.408333333,0.366666667,0.616666667,0.618778281,0.622171946,0.835488041,0.675565611,0.665158371
19-5012.00,Occupational Health and Safety Technicians,0.725,0.646666667,0,0.311666667,0.273333333,0.76,0.585972851,0.619909502,0.814802844,0.632126697,0.592760181
21-1011.00,Substance Abuse and Behavioral Disorder Counselors,0.098333333,0.468333333,0.265,0.943333333,0.285,0.36,0.68438914,0.872737557,0.767291532,0.791855204,0.576923077
21-1012.00,"Educational, Guidance, and Career Counselors and Advisors",0,0.383333333,0.355,1,0.486666667,0.515,0.735294118,0.8489819,0.740788623,0.778733032,0.655354449
21-1013.00,Marriage and Family Therapists,0.081666667,0.72,0.43,0.87,0.13,0.316666667,0.653846154,0.904977376,0.734324499,0.770588235,0.702111614
21-1014.00,Mental Health Counselors,0.051666667,0.57,0.343333333,0.965,0.326666667,0.405,0.662895928,0.917986425,0.758564964,0.814479638,0.694570136
21-1015.00,Rehabilitation Counselors,0.038333333,0.378333333,0.33,0.966666667,0.426666667,0.376666667,0.721719457,0.859162896,0.767614738,0.705429864,0.550527903
21-1021.00,"Child, Family, and School Social Workers",0.116666667,0.386666667,0.316666667,0.975,0.323333333,0.428333333,0.70361991,0.908371041,0.764382676,0.797285068,0.62066365
21-1022.00,Healthcare Social Workers,0.16,0.54,0.223333333,0.986666667,0.258333333,0.345,0.78280543,0.908371041,0.788299935,0.805429864,0.674962293
21-1023.00,Mental Health and Substance Abuse Social Workers,0.118333333,0.513333333,0.296666667,0.995,0.243333333,0.353333333,0.753393665,0.899321267,0.745636716,0.797285068,0.662895928
21-1091.00,Health Education Specialists,0.11,0.715,0.256666667,0.858333333,0.368333333,0.491666667,0.806561086,0.783936652,0.768261151,0.736199095,0.725490196
21-1092.00,Probation Officers and Correctional Treatment Specialists,0.225,0.406666667,0.191666667,0.76,0.486666667,0.53,0.752262443,0.715497738,0.802521008,0.773303167,0.521870287
21-1093.00,Social and Human Service Assistants,0.046666667,0.3,0.158333333,0.848333333,0.435,0.595,0.653846154,0.850678733,0.71040724,0.71719457,0.533182504
21-1094.00,Community Health Workers,0.166666667,0.415,0.203333333,0.93,0.421666667,0.396666667,0.764705882,0.859162896,0.721719457,0.733031674,0.554298643
21-2011.00,Clergy,0.183333333,0.185,0.406666667,0.818333333,0.528333333,0.315,0.866515837,0.972285068,0.7708468,0.765158371,0.650075415
21-2021.00,"Directors, Religious Activities and Education",0,0.285,0.396666667,1,0.86,0.36,0.874434389,0.849547511,0.780542986,0.784162896,0.666666667
23-1011.00,Lawyers,0.02,0.563333333,0.233333333,0.413333333,0.751666667,0.598333333,0.731900452,0.472850679,0.866192631,0.717647059,0.715686275
23-1012.00,Judicial Law Clerks,0.1,0.501666667,0.178333333,0.396666667,0.585,0.683333333,0.409502262,0.559954751,0.842598578,0.604977376,0.637254902
23-1021.00,"Administrative Law Judges, Adjudicators, and Hearing Officers",0,0.501666667,0.121666667,0.341666667,0.685,0.748333333,0.67081448,0.514140271,0.804783452,0.652036199,0.537707391
23-1022.00,"Arbitrators, Mediators, and Conciliators",0.02,0.435,0.208333333,0.54,0.605,0.555,0.67760181,0.816742081,0.78280543,0.768778281,0.624434389
23-1023.00,"Judges, Magistrate Judges, and Magistrates",0.221666667,0.468333333,0.198333333,0.493333333,0.711666667,0.518333333,0.736425339,0.498303167,0.819327731,0.67239819,0.58974359
23-2011.00,Paralegals and Legal Assistants,0.123333333,0.673333333,0.206666667,0.353333333,0.486666667,0.713333333,0.425339367,0.561651584,0.799612153,0.573755656,0.558069382
23-2093.00,"Title Examiners, Abstractors, and Searchers",0.24,0.271666667,0.018333333,0.223333333,0.406666667,0.956666667,0.261312217,0.407239819,0.7291532,0.421719457,0.343137255
25-1011.00,"Business Teachers, Postsecondary",0.166666667,0.641666667,0.366666667,0.905,0.471666667,0.461666667,0.769230769,0.644230769,0.725597931,0.656561086,0.753393665
25-1021.00,"Computer Science Teachers, Postsecondary",0.348333333,0.781666667,0.386666667,0.813333333,0.21,0.495,0.68438914,0.620475113,0.732708468,0.63438914,0.806184012
25-1022.00,"Mathematical Science Teachers, Postsecondary",0.301666667,0.81,0.366666667,0.865,0.156666667,0.563333333,0.688914027,0.575791855,0.740142211,0.60361991,0.731523379
25-1031.00,"Architecture Teachers, Postsecondary",0.405,0.688333333,0.58,0.961666667,0.243333333,0.366666667,0.727375566,0.628393665,0.709437621,0.63800905,0.807692308
25-1032.00,"Engineering Teachers, Postsecondary",0.64,0.731666667,0.36,0.795,0.168333333,0.406666667,0.699095023,0.587104072,0.752747253,0.64841629,0.828808446
25-1041.00,"Agricultural Sciences Teachers, Postsecondary",0.495,0.726666667,0.32,0.873333333,0.268333333,0.418333333,0.757918552,0.632918552,0.727860375,0.64479638,0.793363499
25-1042.00,"Biological Science Teachers, Postsecondary",0.493333333,0.813333333,0.383333333,0.875,0.173333333,0.441666667,0.735294118,0.634049774,0.737879767,0.660633484,0.786576169
25-1043.00,"Forestry and Conservation Science Teachers, Postsecondary",0.495,0.818333333,0.358333333,0.911666667,0.236666667,0.39,0.7239819,0.618778281,0.711376858,0.603167421,0.794871795
25-1051.00,"Atmospheric, Earth, Marine, and Space Sciences Teachers, Postsecondary",0.5,0.768333333,0.356666667,0.918333333,0.228333333,0.433333333,0.728506787,0.610859729,0.72656755,0.61719457,0.797888386
25-1052.00,"Chemistry Teachers, Postsecondary",0.508333333,0.803333333,0.325,0.785,0.181666667,0.463333333,0.714932127,0.465497738,0.797026503,0.594117647,0.766968326
25-1053.00,"Environmental Science Teachers, Postsecondary",0.451666667,0.89,0.395,0.875,0.248333333,0.403333333,0.718325792,0.613122172,0.732708468,0.645248869,0.838612368
25-1054.00,"Physics Teachers, Postsecondary",0.461666667,0.83,0.38,0.843333333,0.225,0.44,0.671945701,0.574095023,0.732708468,0.63800905,0.791101056
25-1061.00,"Anthropology and Archeology Teachers, Postsecondary",0.41,0.826666667,0.428333333,0.958333333,0.245,0.381666667,0.736425339,0.628959276,0.725597931,0.616742081,0.834087481
25-1062.00,"Area, Ethnic, and Cultural Studies Teachers, Postsecondary",0.341666667,0.718333333,0.473333333,0.986666667,0.333333333,0.338333333,0.769230769,0.709276018,0.730446025,0.667873303,0.836349925
25-1063.00,"Economics Teachers, Postsecondary",0.288333333,0.76,0.336666667,0.868333333,0.393333333,0.483333333,0.727375566,0.562782805,0.721073045,0.631674208,0.776772247
25-1064.00,"Geography Teachers, Postsecondary",0.373333333,0.775,0.448333333,0.96,0.268333333,0.445,0.696832579,0.615950226,0.709114415,0.626696833,0.787330317
25-1065.00,"Political Science Teachers, Postsecondary",0.158333333,0.745,0.453333333,0.978333333,0.375,0.336666667,0.75678733,0.656108597,0.717840983,0.649321267,0.816742081
25-1066.00,"Psychology Teachers, Postsecondary",0.188333333,0.765,0.476666667,1,0.22,0.383333333,0.778280543,0.713800905,0.733031674,0.680090498,0.816742081
25-1067.00,"Sociology Teachers, Postsecondary",0.261666667,0.785,0.43,0.95,0.255,0.378333333,0.738687783,0.686085973,0.710730446,0.669683258,0.800904977
25-1071.00,"Health Specialties Teachers, Postsecondary",0.378333333,0.738333333,0.333333333,1,0.165,0.42,0.751131222,0.679864253,0.759857789,0.690045249,0.786576169
25-1072.00,"Nursing Instructors and Teachers, Postsecondary",0.323333333,0.651666667,0.381666667,1,0.188333333,0.358333333,0.819004525,0.770927602,0.816095669,0.767420814,0.687782805
25-1081.00,"Education Teachers, Postsecondary",0.278333333,0.628333333,0.411666667,1,0.28,0.435,0.753393665,0.705316742,0.736263736,0.687782805,0.818250377
25-1082.00,"Library Science Teachers, Postsecondary",0.321666667,0.74,0.378333333,0.878333333,0.193333333,0.526666667,0.71719457,0.656108597,0.714932127,0.593665158,0.745852187
25-1111.00,"Criminal Justice and Law Enforcement Teachers, Postsecondary",0.233333333,0.646666667,0.388333333,0.975,0.395,0.426666667,0.760180995,0.641968326,0.723335488,0.629411765,0.712669683
25-1112.00,"Law Teachers, Postsecondary",0.235,0.725,0.398333333,0.91,0.415,0.453333333,0.785067873,0.623303167,0.761797027,0.660633484,0.754147813
25-1113.00,"Social Work Teachers, Postsecondary",0.2,0.671666667,0.476666667,1,0.308333333,0.336666667,0.813348416,0.757352941,0.715578539,0.708144796,0.733785822
25-1121.00,"Art, Drama, and Music Teachers, Postsecondary",0.338333333,0.523333333,0.788333333,0.998333333,0.186666667,0.268333333,0.746606335,0.680995475,0.656431803,0.678280543,0.797134238
25-1122.00,"Communications Teachers, Postsecondary",0.196666667,0.603333333,0.47,0.991666667,0.355,0.43,0.766968326,0.696832579,0.697155785,0.689140271,0.756410256
25-1123.00,"English Language and Literature Teachers, Postsecondary",0.213333333,0.63,0.531666667,1,0.238333333,0.415,0.707013575,0.688348416,0.702973497,0.663800905,0.773755656
25-1124.00,"Foreign Language and Literature Teachers, Postsecondary",0.185,0.586666667,0.51,1,0.253333333,0.421666667,0.722850679,0.69061086,0.713639302,0.690950226,0.763951735
25-1125.00,"History Teachers, Postsecondary",0.301666667,0.735,0.491666667,0.991666667,0.266666667,0.408333333,0.702488688,0.63178733,0.711053652,0.6239819,0.744343891
25-1126.00,"Philosophy and Religion Teachers, Postsecondary",0.243333333,0.69,0.46,1,0.295,0.413333333,0.719457014,0.696832579,0.713316096,0.611764706,0.845399698
25-1192.00,"Family and Consumer Sciences Teachers, Postsecondary",0.321666667,0.641666667,0.413333333,1,0.298333333,0.395,0.740950226,0.72341629,0.718810601,0.674660633,0.706636501
25-1193.00,"Recreation and Fitness Studies Teachers, Postsecondary",0.365,0.615,0.393333333,1,0.258333333,0.445,0.763574661,0.647624434,0.681965094,0.662895928,0.702865762
25-1194.00,"Career/Technical Education Teachers, Postsecondary",0.458333333,0.525,0.358333333,0.935,0.185,0.381666667,0.737556561,0.705316742,0.739495798,0.697737557,0.610105581
25-2011.00,"Preschool Teachers, Except Special Education",0.323333333,0.293333333,0.496666667,1,0.248333333,0.435,0.754524887,0.859728507,0.695216548,0.769683258,0.575414781
25-2012.00,"Kindergarten Teachers, Except Special Education",0.28,0.351666667,0.498333333,1,0.246666667,0.466666667,0.754524887,0.834276018,0.730446025,0.787330317,0.592006033
25-2021.00,"Elementary School Teachers, Except Special Education",0.273333333,0.391666667,0.478333333,1,0.261666667,0.463333333,0.791855204,0.824095023,0.769230769,0.798190045,0.638763198
25-2022.00,"Middle School Teachers, Except Special and Career/Technical Education",0.265,0.385,0.516666667,1,0.276666667,0.426666667,0.763574661,0.760180995,0.76664512,0.781900452,0.66214178
25-2023.00,"Career/Technical Education Teachers, Middle School",0.38,0.385,0.396666667,1,0.211666667,0.47,0.760180995,0.740950226,0.731738849,0.763348416,0.653846154
25-2031.00,"Secondary School Teachers, Except Special and Career/Technical Education",0.288333333,0.365,0.461666667,1,0.316666667,0.435,0.766968326,0.756221719,0.746929541,0.787782805,0.660633484
25-2032.00,"Career/Technical Education Teachers, Secondary School",0.31,0.396666667,0.41,1,0.253333333,0.486666667,0.774886878,0.735859729,0.747252747,0.759276018,0.661387632
25-2051.00,"Special Education Teachers, Preschool",0.283333333,0.415,0.496666667,1,0.116666667,0.363333333,0.729638009,0.889705882,0.791208791,0.82081448,0.665912519
25-2055.00,"Special Education Teachers, Kindergarten",0.258333333,0.466666667,0.441666667,1,0.121666667,0.445,0.725113122,0.877828054,0.792501616,0.819909502,0.670437406
25-2056.00,"Special Education Teachers, Elementary School",0.211666667,0.49,0.441666667,1,0.128333333,0.413333333,0.734162896,0.872737557,0.79217841,0.818099548,0.665912519
25-2057.00,"Special Education Teachers, Middle School",0.22,0.486666667,0.493333333,1,0.133333333,0.383333333,0.740950226,0.858031674,0.794440853,0.808597285,0.66892911
25-2058.00,"Special Education Teachers, Secondary School",0.231666667,0.468333333,0.46,1,0.155,0.42,0.752262443,0.871606335,0.78539108,0.807239819,0.690799397
25-2059.01,Adapted Physical Education Specialists,0.52,0.441666667,0.243333333,1,0.146666667,0.528333333,0.75,0.823529412,0.740465417,0.785067873,0.614630468
25-3011.00,"Adult Basic Education, Adult Secondary Education, and English as a Second Language Instructors",0.22,0.356666667,0.485,1,0.308333333,0.396666667,0.746606335,0.76979638,0.710084034,0.760633484,0.667420814
25-3021.00,Self-Enrichment Teachers,0.251666667,0.328333333,0.53,1,0.366666667,0.346666667,0.752262443,0.732466063,0.642857143,0.680995475,0.653846154
25-3031.00,"Substitute Teachers, Short-Term",0.198333333,0.253333333,0.405,0.955,0.241666667,0.441666667,0.705882353,0.74321267,0.649644473,0.769230769,0.505279035
25-3041.00,Tutors,0.213333333,0.308333333,0.345,0.958333333,0.123333333,0.391666667,0.662895928,0.76979638,0.710084034,0.722171946,0.605580694
25-4011.00,Archivists,0.313333333,0.62,0.315,0.326666667,0.138333333,0.828333333,0.555429864,0.566176471,0.788946348,0.47239819,0.678733032
25-4012.00,Curators,0.245,0.405,0.33,0.47,0.473333333,0.726666667,0.734162896,0.606900452,0.787330317,0.632126697,0.764705882
25-4013.00,Museum Technicians and Conservators,0.778333333,0.368333333,0.356666667,0.273333333,0.085,0.596666667,0.490950226,0.520361991,0.785067873,0.537556561,0.653092006
25-4022.00,Librarians and Media Collections Specialists,0.22,0.438333333,0.275,0.506666667,0.291666667,0.805,0.662895928,0.69061086,0.633160957,0.556561086,0.631975867
25-4031.00,Library Technicians,0.346666667,0.283333333,0.098333333,0.511666667,0.146666667,0.92,0.550904977,0.666289593,0.614414997,0.511764706,0.415535445
25-9021.00,Farm and Home Management Educators,0.493333333,0.546666667,0.218333333,0.638333333,0.415,0.363333333,0.838235294,0.751131222,0.756302521,0.715384615,0.711915535
25-9031.00,Instructional Coordinators,0.103333333,0.506666667,0.426666667,0.86,0.543333333,0.496666667,0.7760181,0.699095023,0.709114415,0.694117647,0.736048265
25-9042.00,"Teaching Assistants, Preschool, Elementary, Middle, and Secondary School, Except Special Education",0.258333333,0.216666667,0.296666667,0.92,0.33,0.541666667,0.613122172,0.738122172,0.683581125,0.716742081,0.5173454
25-9043.00,"Teaching Assistants, Special Education",0.163333333,0.381666667,0.39,1,0.19,0.428333333,0.610859729,0.806561086,0.718810601,0.737556561,0.545248869
25-9044.00,"Teaching Assistants, Postsecondary",0.191666667,0.355,0.168333333,0.921666667,0.298333333,0.665,0.647058824,0.726809955,0.683581125,0.688687783,0.644042232
27-1011.00,Art Directors,0.325,0.281666667,1,0.313333333,0.706666667,0.433333333,0.791855204,0.503959276,0.664835165,0.713122172,0.797134238
27-1012.00,Craft Artists,0.815,0.141666667,0.821666667,0.113333333,0.31,0.276666667,0.449095023,0.36199095,0.627989657,0.485067873,0.673453997
27-1013.00,"Fine Artists, Including Painters, Sculptors, and Illustrators",0.508333333,0.28,1,0.213333333,0.228333333,0.223333333,0.316742081,0.357466063,0.593406593,0.509049774,0.836349925
27-1014.00,Special Effects Artists and Animators,0.451666667,0.295,1,0.196666667,0.27,0.355,0.402714932,0.376131222,0.617000646,0.599547511,0.812217195
27-1021.00,Commercial and Industrial Designers,0.603333333,0.51,0.756666667,0.14,0.45,0.411666667,0.567873303,0.457579186,0.679056238,0.615384615,0.801659125
27-1022.00,Fashion Designers,0.556666667,0.195,1,0.225,0.493333333,0.323333333,0.669683258,0.427036199,0.63283775,0.667420814,0.769230769
27-1023.00,Floral Designers,0.678333333,0.106666667,0.575,0.241666667,0.456666667,0.48,0.616515837,0.613122172,0.620555915,0.589140271,0.597285068
27-1024.00,Graphic Designers,0.396666667,0.31,1,0.193333333,0.405,0.486666667,0.457013575,0.45361991,0.626696833,0.546153846,0.719457014
27-1025.00,Interior Designers,0.52,0.345,0.76,0.28,0.45,0.47,0.675339367,0.584276018,0.724628313,0.643438914,0.714932127
27-1026.00,Merchandise Displayers and Window Trimmers,0.575,0.085,0.616666667,0.198333333,0.546666667,0.348333333,0.550904977,0.444570136,0.613445378,0.568778281,0.635746606
27-1027.00,Set and Exhibit Designers,0.45,0.291666667,0.948333333,0.34,0.488333333,0.378333333,0.628959276,0.442307692,0.681318681,0.622171946,0.733031674
27-2011.00,Actors,0.215,0.193333333,1,0.513333333,0.5,0.135,0.533936652,0.45361991,0.572721396,0.808144796,0.7239819
27-2012.00,Producers and Directors,0.188333333,0.206666667,0.856666667,0.353333333,0.796666667,0.426666667,0.872171946,0.51979638,0.702973497,0.778280543,0.831825038
27-2012.03,Media Programming Directors,0.071666667,0.208333333,0.515,0.446666667,0.925,0.605,0.834841629,0.531108597,0.742404654,0.738461538,0.733031674
27-2012.04,Talent Directors,0.036666667,0.07,0.781666667,0.545,0.821666667,0.428333333,0.780542986,0.559954751,0.640271493,0.699095023,0.634238311
27-2012.05,Media Technical Directors/Managers,0.493333333,0.296666667,0.406666667,0.268333333,0.696666667,0.578333333,0.745475113,0.516968326,0.722365869,0.706334842,0.640271493
27-2021.00,Athletes and Sports Competitors,0.696666667,0.066666667,0.19,0.55,0.588333333,0.335,0.656108597,0.400452489,0.693923723,0.842081448,0.505279035
27-2022.00,Coaches and Scouts,0.541666667,0.191666667,0.238333333,0.718333333,0.691666667,0.408333333,0.899321267,0.683823529,0.696832579,0.778280543,0.624434389
27-2023.00,"Umpires, Referees, and Other Sports Officials",0.55,0.1,0.025,0.406666667,0.795,0.588333333,0.640271493,0.477941176,0.741111829,0.749321267,0.312217195
27-2031.00,Dancers,0.638333333,0.071666667,0.898333333,0.441666667,0.363333333,0.101666667,0.530542986,0.430995475,0.59114415,0.731674208,0.573906486
27-2032.00,Choreographers,0.438333333,0.203333333,1,0.493333333,0.461666667,0.188333333,0.834841629,0.548076923,0.611829347,0.747963801,0.811463047
27-2041.00,Music Directors and Composers,0.178333333,0.213333333,1,0.34,0.636666667,0.271666667,0.841628959,0.552036199,0.685520362,0.747963801,0.837104072
27-2042.00,Musicians and Singers,0.311666667,0.088333333,0.943333333,0.401666667,0.403333333,0.195,0.574660633,0.461538462,0.621525533,0.73800905,0.69306184
27-2091.00,"Disc Jockeys, Except Radio",0.333333333,0.091666667,0.636666667,0.321666667,0.425,0.416666667,0.773755656,0.488122172,0.557853911,0.710859729,0.57918552
27-3011.00,Broadcast Announcers and Radio Disc Jockeys,0.11,0.168333333,0.78,0.423333333,0.563333333,0.351666667,0.71040724,0.46719457,0.615384615,0.764253394,0.578431373
27-3023.00,"News Analysts, Reporters, and Journalists",0.078333333,0.526666667,0.681666667,0.3,0.491666667,0.44,0.702488688,0.455316742,0.731092437,0.715837104,0.782051282
27-3031.00,Public Relations Specialists,0,0.286666667,0.613333333,0.49,0.803333333,0.408333333,0.786199095,0.589366516,0.712669683,0.778280543,0.711161388
27-3041.00,Editors,0.005,0.316666667,0.731666667,0.26,0.521666667,0.613333333,0.718325792,0.523190045,0.791531997,0.653846154,0.726244344
27-3042.00,Technical Writers,0.296666667,0.448333333,0.538333333,0.168333333,0.161666667,0.72,0.356334842,0.49321267,0.688106012,0.492760181,0.655354449
27-3043.00,Writers and Authors,0,0.375,0.946666667,0.31,0.625,0.39,0.555429864,0.464932127,0.61667744,0.614932127,0.808446456
27-3043.05,"Poets, Lyricists and Creative Writers",0.028333333,0.43,1,0.305,0.361666667,0.313333333,0.303167421,0.420248869,0.549450549,0.470588235,0.873303167
27-3091.00,Interpreters and Translators,0.148333333,0.365,0.546666667,0.413333333,0.15,0.631666667,0.406108597,0.621606335,0.765675501,0.612669683,0.641025641
27-3092.00,Court Reporters and Simultaneous Captioners,0.201666667,0.188333333,0.32,0.316666667,0.273333333,0.77,0.242081448,0.390837104,0.766321913,0.569683258,0.26546003
27-4011.00,Audio and Video Technicians,0.7,0.29,0.373333333,0.161666667,0.145,0.596666667,0.540723982,0.449660633,0.672592114,0.62081448,0.588235294
27-4012.00,Broadcast Technicians,0.633333333,0.331666667,0.303333333,0.188333333,0.25,0.69,0.305429864,0.371040724,0.708468003,0.580090498,0.550527903
27-4014.00,Sound Engineering Technicians,0.69,0.28,0.575,0.115,0.193333333,0.536666667,0.411764706,0.460972851,0.694893342,0.606334842,0.649321267
27-4015.00,Lighting Technicians,0.998333333,0.17,0.23,0.04,0.158333333,0.518333333,0.392533937,0.417986425,0.685843568,0.591855204,0.5
27-4021.00,Photographers,0.756666667,0.196666667,0.713333333,0.156666667,0.213333333,0.391666667,0.469457014,0.444570136,0.680349063,0.599547511,0.687782805
27-4031.00,"Camera Operators, Television, Video, and Film",0.648333333,0.166666667,0.673333333,0.133333333,0.213333333,0.441666667,0.449095023,0.411199095,0.631868132,0.619457014,0.624434389
27-4032.00,Film and Video Editors,0.356666667,0.151666667,0.768333333,0.16,0.346666667,0.458333333,0.42081448,0.433823529,0.709437621,0.614479638,0.740573152
29-1011.00,Chiropractors,0.755,0.628333333,0.056666667,0.76,0.188333333,0.425,0.635746606,0.742081448,0.774725275,0.680542986,0.656108597
29-1021.00,"Dentists, General",0.705,0.746666667,0.028333333,0.568333333,0.166666667,0.451666667,0.652714932,0.682692308,0.821590175,0.699547511,0.637254902
29-1022.00,Oral and Maxillofacial Surgeons,0.791666667,0.806666667,0.028333333,0.578333333,0.195,0.433333333,0.660633484,0.607466063,0.85261797,0.767873303,0.718702866
29-1023.00,Orthodontists,0.766666667,0.786666667,0.095,0.501666667,0.075,0.596666667,0.636877828,0.635180995,0.807692308,0.665158371,0.655354449
29-1024.00,Prosthodontists,0.861666667,0.756666667,0.13,0.598333333,0.071666667,0.37,0.616515837,0.700791855,0.821913381,0.675113122,0.704374057
29-1031.00,Dietitians and Nutritionists,0.338333333,0.633333333,0.233333333,0.75,0.403333333,0.391666667,0.682126697,0.766968326,0.768261151,0.688687783,0.659879336
29-1041.00,Optometrists,0.633333333,0.796666667,0.1,0.67,0.211666667,0.486666667,0.604072398,0.695135747,0.787007111,0.64479638,0.647812971
29-1051.00,Pharmacists,0.303333333,0.778333333,0.08,0.646666667,0.27,0.593333333,0.622171946,0.744909502,0.867808662,0.690497738,0.585218703
29-1071.00,Physician Assistants,0.5,0.656666667,0.026666667,0.815,0.163333333,0.576666667,0.623303167,0.709841629,0.871687136,0.73438914,0.693815988
29-1071.01,Anesthesiologist Assistants,0.566666667,0.603333333,0,0.65,0.148333333,0.683333333,0.458144796,0.693438914,0.851325145,0.781900452,0.57918552
29-1081.00,Podiatrists,0.715,0.795,0.12,0.656666667,0.19,0.378333333,0.61199095,0.673076923,0.800258565,0.642081448,0.659879336
29-1122.00,Occupational Therapists,0.428333333,0.538333333,0.345,0.846666667,0.138333333,0.353333333,0.696832579,0.84219457,0.744667098,0.765158371,0.690045249
29-1122.01,"Low Vision Therapists, Orientation and Mobility Specialists, and Vision Rehabilitation Therapists",0.488333333,0.481666667,0.366666667,0.92,0.186666667,0.305,0.649321267,0.830316742,0.76147382,0.741176471,0.640271493
29-1123.00,Physical Therapists,0.555,0.645,0.195,0.818333333,0.248333333,0.345,0.691176471,0.825226244,0.806399483,0.768325792,0.659879336
29-1124.00,Radiation Therapists,0.66,0.606666667,0.04,0.628333333,0.12,0.58,0.580316742,0.842760181,0.780866193,0.738461538,0.375565611
29-1125.00,Recreational Therapists,0.448333333,0.553333333,0.311666667,0.97,0.251666667,0.278333333,0.777149321,0.851809955,0.699741435,0.75520362,0.62066365
29-1126.00,Respiratory Therapists,0.671666667,0.621666667,0,0.646666667,0.113333333,0.488333333,0.68438914,0.76979638,0.82967033,0.780090498,0.616892911
29-1127.00,Speech-Language Pathologists,0.27,0.761666667,0.333333333,0.848333333,0.073333333,0.505,0.67081448,0.831447964,0.791855204,0.741628959,0.680995475
29-1128.00,Exercise Physiologists,0.71,0.653333333,0.081666667,0.623333333,0.331666667,0.458333333,0.705882353,0.695701357,0.735617324,0.687330317,0.638763198
29-1129.01,Art Therapists,0.331666667,0.445,0.748333333,0.773333333,0.22,0.31,0.68438914,0.858597285,0.719133807,0.759276018,0.7760181
29-1129.02,Music Therapists,0.226666667,0.53,0.626666667,0.705,0.251666667,0.358333333,0.693438914,0.865384615,0.724951519,0.773303167,0.753393665
29-1131.00,Veterinarians,0.83,0.83,0,0.408333333,0.116666667,0.411666667,0.694570136,0.727375566,0.821590175,0.751131222,0.719457014
29-1141.00,Registered Nurses,0.41,0.618333333,0.056666667,0.761666667,0.23,0.625,0.742081448,0.792420814,0.819004525,0.76561086,0.624434389
29-1141.01,Acute Care Nurses,0.45,0.776666667,0.125,0.8,0.126666667,0.386666667,0.699095023,0.771493213,0.871687136,0.82760181,0.677978884
29-1141.02,Advanced Practice Psychiatric Nurses,0.265,0.816666667,0.303333333,0.845,0.173333333,0.391666667,0.75,0.835972851,0.863606981,0.822171946,0.725490196
29-1141.03,Critical Care Nurses,0.485,0.67,0.116666667,0.76,0.2,0.538333333,0.661764706,0.791855204,0.878151261,0.825339367,0.664404223
29-1141.04,Clinical Nurse Specialists,0.223333333,0.643333333,0.135,0.871666667,0.448333333,0.506666667,0.858597285,0.807126697,0.874919198,0.825791855,0.713423831
29-1151.00,Nurse Anesthetists,0.63,0.676666667,0,0.725,0.16,0.525,0.604072398,0.760180995,0.877504848,0.82081448,0.654600302
29-1161.00,Nurse Midwives,0.373333333,0.541666667,0.156666667,0.826666667,0.328333333,0.4,0.785067873,0.845022624,0.865869425,0.80678733,0.667420814
29-1171.00,Nurse Practitioners,0.426666667,0.756666667,0.063333333,0.753333333,0.178333333,0.51,0.742081448,0.796945701,0.891402715,0.810859729,0.692307692
29-1181.00,Audiologists,0.496666667,0.821666667,0.196666667,0.82,0.135,0.495,0.671945701,0.771493213,0.787330317,0.687330317,0.662895928
29-1211.00,Anesthesiologists,0.696666667,0.788333333,0.028333333,0.708333333,0.25,0.448333333,0.654977376,0.660633484,0.873626374,0.803167421,0.71040724
29-1212.00,Cardiologists,0.66,0.978333333,0.025,0.621666667,0.213333333,0.5,0.705882353,0.682692308,0.892049127,0.785972851,0.766214178
29-1213.00,Dermatologists,0.635,0.906666667,0.145,0.608333333,0.128333333,0.471666667,0.615384615,0.686651584,0.821590175,0.659728507,0.696832579
29-1214.00,Emergency Medicine Physicians,0.525,0.773333333,0,0.766666667,0.28,0.536666667,0.757918552,0.623868778,0.903361345,0.842533937,0.687782805
29-1215.00,Family Medicine Physicians,0.458333333,0.846666667,0.075,0.868333333,0.223333333,0.491666667,0.812217195,0.816742081,0.881706529,0.776470588,0.701357466
29-1216.00,General Internal Medicine Physicians,0.571666667,0.968333333,0.073333333,0.846666667,0.183333333,0.438333333,0.730769231,0.78280543,0.884615385,0.780995475,0.753393665
29-1217.00,Neurologists,0.516666667,1,0.18,0.67,0.231666667,0.448333333,0.649321267,0.73699095,0.847123465,0.7239819,0.773755656
29-1218.00,Obstetricians and Gynecologists,0.598333333,0.75,0.075,0.741666667,0.29,0.453333333,0.781674208,0.786764706,0.883645766,0.795022624,0.709653092
29-1221.00,"Pediatricians, General",0.44,0.863333333,0.146666667,0.94,0.256666667,0.43,0.759049774,0.81561086,0.855850032,0.794117647,0.699095023
29-1222.00,"Physicians, Pathologists",0.643333333,1,0.06,0.433333333,0.126666667,0.62,0.520361991,0.545248869,0.85261797,0.61719457,0.78959276
29-1223.00,Psychiatrists,0.216666667,0.931666667,0.275,0.805,0.158333333,0.433333333,0.719457014,0.842760181,0.837104072,0.76561086,0.754147813
29-1224.00,Radiologists,0.648333333,0.936666667,0.061666667,0.475,0.195,0.578333333,0.544117647,0.625,0.826761474,0.667420814,0.71040724
29-1229.01,Allergists and Immunologists,0.473333333,0.991666667,0.141666667,0.716666667,0.2,0.445,0.615384615,0.74321267,0.837427279,0.688687783,0.756410256
29-1229.02,Hospitalists,0.425,0.596666667,0.106666667,0.878333333,0.356666667,0.483333333,0.799773756,0.76300905,0.88332256,0.801357466,0.677978884
29-1229.03,Urologists,0.641666667,0.975,0.051666667,0.741666667,0.203333333,0.405,0.573529412,0.63800905,0.831932773,0.652036199,0.708898944
29-1229.04,Physical Medicine and Rehabilitation Physicians,0.653333333,0.876666667,0.145,0.833333333,0.115,0.333333333,0.754524887,0.78280543,0.838073691,0.763800905,0.7239819
29-1229.05,Preventive Medicine Physicians,0.395,0.95,0.146666667,0.738333333,0.228333333,0.398333333,0.834841629,0.727941176,0.842275372,0.737556561,0.794871795
29-1229.06,Sports Medicine Physicians,0.698333333,0.726666667,0.033333333,0.711666667,0.39,0.42,0.771493213,0.725113122,0.819650937,0.761085973,0.690799397
29-1241.00,"Ophthalmologists, Except Pediatric",0.566666667,0.873333333,0.116666667,0.743333333,0.33,0.453333333,0.645927602,0.68438914,0.849062702,0.697285068,0.687028658
29-1242.00,"Orthopedic Surgeons, Except Pediatric",0.68,0.916666667,0.08,0.636666667,0.226666667,0.485,0.748868778,0.59219457,0.878151261,0.754298643,0.733785822
29-1243.00,Pediatric Surgeons,0.658333333,0.92,0.091666667,0.665,0.238333333,0.485,0.745475113,0.709841629,0.887847447,0.838914027,0.780542986
29-1291.00,Acupuncturists,0.633333333,0.748333333,0.18,0.775,0.1,0.343333333,0.559954751,0.752262443,0.752747253,0.665158371,0.640271493
29-1292.00,Dental Hygienists,0.711666667,0.586666667,0.02,0.725,0.121666667,0.551666667,0.595022624,0.756221719,0.757595346,0.660180995,0.439668175
29-1299.01,Naturopathic Physicians,0.588333333,0.815,0.135,0.788333333,0.163333333,0.375,0.697963801,0.765271493,0.803490627,0.736651584,0.769984917
29-1299.02,Orthoptists,0.646666667,0.79,0.146666667,0.628333333,0.078333333,0.47,0.595022624,0.719457014,0.772139625,0.647058824,0.656108597
29-2011.00,Medical and Clinical Laboratory Technologists,0.801666667,0.858333333,0.021666667,0.295,0.085,0.665,0.484162896,0.514140271,0.810277957,0.579638009,0.581447964
29-2011.01,Cytogenetic Technologists,0.72,0.818333333,0.08,0.155,0.093333333,0.67,0.372171946,0.463800905,0.803167421,0.553846154,0.555806938
29-2011.02,Cytotechnologists,0.82,0.843333333,0.016666667,0.235,0.14,0.648333333,0.328054299,0.475113122,0.786360698,0.54479638,0.463800905
29-2011.04,Histotechnologists,0.786666667,0.926666667,0.051666667,0.315,0.008333333,0.693333333,0.423076923,0.481334842,0.786037492,0.547963801,0.526395173
29-2012.00,Medical and Clinical Laboratory Technicians,0.835,0.815,0,0.313333333,0,0.641666667,0.392533937,0.52658371,0.775371687,0.547058824,0.374811463
29-2012.01,Histology Technicians,0.881666667,0.728333333,0.043333333,0.186666667,0,0.671666667,0.259049774,0.387443439,0.712992889,0.44479638,0.325037707
29-2031.00,Cardiovascular Technologists and Technicians,0.768333333,0.718333333,0,0.541666667,0.05,0.616666667,0.550904977,0.720588235,0.75727214,0.7,0.431372549
29-2032.00,Diagnostic Medical Sonographers,0.811666667,0.625,0.053333333,0.516666667,0.085,0.675,0.5260181,0.695701357,0.765029089,0.64479638,0.549019608
29-2033.00,Nuclear Medicine Technologists,0.831666667,0.761666667,0,0.346666667,0.051666667,0.7,0.495475113,0.688914027,0.80155139,0.6760181,0.530165913
29-2034.00,Radiologic Technologists and Technicians,0.816666667,0.646666667,0,0.401666667,0,0.68,0.533936652,0.709276018,0.744990304,0.64841629,0.470588235
29-2035.00,Magnetic Resonance Imaging Technologists,0.743333333,0.631666667,0,0.418333333,0.045,0.655,0.521493213,0.717760181,0.757595346,0.626696833,0.484917044
29-2036.00,Medical Dosimetrists,0.595,0.716666667,0.053333333,0.428333333,0.201666667,0.666666667,0.570135747,0.632918552,0.843891403,0.654298643,0.678733032
29-2042.00,Emergency Medical Technicians,0.743333333,0.595,0,0.76,0.093333333,0.46,0.692307692,0.747171946,0.78539108,0.859728507,0.515837104
29-2043.00,Paramedics,0.7,0.671666667,0,0.748333333,0.151666667,0.403333333,0.687782805,0.667420814,0.752424047,0.869230769,0.598039216
29-2051.00,Dietetic Technicians,0.468333333,0.408333333,0.256666667,0.675,0.261666667,0.47,0.623303167,0.719457014,0.700064641,0.606334842,0.512066365
29-2052.00,Pharmacy Technicians,0.535,0.331666667,0,0.386666667,0.253333333,1,0.426470588,0.609162896,0.756948933,0.561538462,0.317496229
29-2053.00,Psychiatric Technicians,0.381666667,0.595,0.186666667,0.988333333,0.076666667,0.41,0.671945701,0.846153846,0.728506787,0.797737557,0.528657617
29-2055.00,Surgical Technologists,0.876666667,0.37,0,0.47,0.101666667,0.641666667,0.369909502,0.662330317,0.785714286,0.692307692,0.294871795
29-2056.00,Veterinary Technologists and Technicians,0.951666667,0.71,0,0.336666667,0,0.593333333,0.515837104,0.699660633,0.79217841,0.715384615,0.561085973
29-2057.00,Ophthalmic Medical Technicians,0.721666667,0.635,0,0.606666667,0.125,0.568333333,0.503393665,0.643665158,0.68487395,0.642081448,0.358974359
29-2061.00,Licensed Practical and Licensed Vocational Nurses,0.596666667,0.445,0.008333333,0.75,0.188333333,0.596666667,0.695701357,0.797511312,0.794764059,0.737556561,0.508295626
29-2072.00,Medical Records Specialists,0.31,0.555,0,0.401666667,0.146666667,0.991666667,0.280542986,0.515271493,0.732708468,0.492760181,0.352941176
29-2081.00,"Opticians, Dispensing",0.558333333,0.213333333,0.068333333,0.341666667,0.388333333,0.738333333,0.615384615,0.67138009,0.695539754,0.586425339,0.411010558
29-2091.00,Orthotists and Prosthetists,0.833333333,0.683333333,0.165,0.55,0.093333333,0.43,0.653846154,0.755090498,0.803490627,0.700904977,0.725490196
29-2092.00,Hearing Aid Specialists,0.478333333,0.563333333,0.121666667,0.591666667,0.121666667,0.566666667,0.648190045,0.778846154,0.760504202,0.667420814,0.610105581
29-2099.01,Neurodiagnostic Technologists,0.72,0.801666667,0.068333333,0.451666667,0.07,0.578333333,0.442307692,0.648190045,0.766968326,0.626696833,0.551282051
29-2099.05,Ophthalmic Medical Technologists,0.735,0.618333333,0.02,0.553333333,0.17,0.621666667,0.64479638,0.673076923,0.73594053,0.639366516,0.525641026
29-2099.08,Patient Representatives,0.045,0.51,0.098333333,0.936666667,0.353333333,0.471666667,0.697963801,0.84219457,0.743697479,0.752488688,0.560331825
29-9021.00,Health Information Technologists and Medical Registrars,0.263333333,0.695,0.03,0.471666667,0.2,0.825,0.569004525,0.570701357,0.803167421,0.58280543,0.690045249
29-9091.00,Athletic Trainers,0.771666667,0.566666667,0.025,0.791666667,0.206666667,0.37,0.721719457,0.746040724,0.775694893,0.756561086,0.610105581
29-9092.00,Genetic Counselors,0.11,0.81,0.223333333,0.741666667,0.288333333,0.481666667,0.674208145,0.862556561,0.821266968,0.723076923,0.730769231
29-9093.00,Surgical Assistants,0.783333333,0.408333333,0,0.473333333,0.13,0.566666667,0.399321267,0.66459276,0.822559793,0.721266968,0.344645551
29-9099.01,Midwives,0.496666667,0.423333333,0.151666667,0.84,0.283333333,0.376666667,0.682126697,0.854072398,0.847446671,0.855656109,0.628959276
31-1121.00,Home Health Aides,0.538333333,0.363333333,0.08,0.888333333,0.128333333,0.418333333,0.550904977,0.859162896,0.742404654,0.716742081,0.413273002
31-1122.00,Personal Care Aides,0.418333333,0.133333333,0.131666667,0.865,0.258333333,0.486666667,0.538461538,0.853506787,0.712669683,0.664253394,0.344645551
31-1131.00,Nursing Assistants,0.596666667,0.286666667,0,0.783333333,0.128333333,0.54,0.5260181,0.857466063,0.716224952,0.687782805,0.344645551
31-1132.00,Orderlies,0.736666667,0.175,0,0.528333333,0.031666667,0.64,0.436651584,0.682692308,0.621525533,0.585520362,0.251131222
31-1133.00,Psychiatric Aides,0.406666667,0.506666667,0.138333333,0.968333333,0.113333333,0.456666667,0.581447964,0.859162896,0.701680672,0.784615385,0.435143288
31-2011.00,Occupational Therapy Assistants,0.421666667,0.413333333,0.176666667,0.85,0.023333333,0.535,0.659502262,0.817873303,0.749838397,0.72081448,0.571644042
31-2012.00,Occupational Therapy Aides,0.485,0.258333333,0.115,0.833333333,0.136666667,0.453333333,0.5,0.765271493,0.64738203,0.564253394,0.361236802
31-2021.00,Physical Therapist Assistants,0.575,0.441666667,0.088333333,0.901666667,0.051666667,0.46,0.64479638,0.794683258,0.747252747,0.688235294,0.527903469
31-2022.00,Physical Therapist Aides,0.623333333,0.263333333,0.011666667,0.825,0.176666667,0.486666667,0.498868778,0.75678733,0.639625081,0.594570136,0.303921569
31-9011.00,Massage Therapists,0.64,0.465,0.205,0.791666667,0.183333333,0.276666667,0.574660633,0.788461538,0.666774402,0.641628959,0.536953243
31-9091.00,Dental Assistants,0.58,0.425,0,0.561666667,0.056666667,0.738333333,0.523755656,0.722850679,0.723658694,0.622171946,0.370286576
31-9092.00,Medical Assistants,0.51,0.466666667,0,0.633333333,0.163333333,0.791666667,0.558823529,0.746040724,0.751131222,0.670588235,0.432126697
31-9093.00,Medical Equipment Preparers,0.961666667,0.403333333,0,0.226666667,0,0.755,0.2760181,0.495475113,0.712346477,0.5,0.309954751
31-9094.00,Medical Transcriptionists,0.245,0.433333333,0.123333333,0.448333333,0.043333333,0.875,0.225113122,0.43438914,0.733031674,0.448868778,0.349170437
31-9095.00,Pharmacy Aides,0.458333333,0.095,0,0.351666667,0.473333333,0.965,0.435520362,0.637443439,0.665804783,0.535294118,0.269230769
31-9096.00,Veterinary Assistants and Laboratory Animal Caretakers,0.888333333,0.541666667,0,0.418333333,0,0.493333333,0.501131222,0.707013575,0.732708468,0.675113122,0.439668175
31-9097.00,Phlebotomists,0.74,0.615,0,0.433333333,0.066666667,0.736666667,0.446832579,0.680995475,0.72656755,0.638914027,0.28280543
31-9099.01,Speech-Language Pathology Assistants,0.245,0.561666667,0.275,0.746666667,0.088333333,0.666666667,0.533936652,0.783936652,0.729799612,0.652488688,0.54826546
31-9099.02,Endoscopy Technicians,0.91,0.515,0,0.333333333,0.011666667,0.69,0.429864253,0.627828054,0.736910149,0.622624434,0.347662142
33-1011.00,First-Line Supervisors of Correctional Officers,0.43,0.133333333,0,0.59,0.886666667,0.676666667,0.737556561,0.512443439,0.810277957,0.76199095,0.395173454
33-1012.00,First-Line Supervisors of Police and Detectives,0.408333333,0.223333333,0.001666667,0.463333333,0.98,0.681666667,0.852941176,0.635746606,0.857142857,0.800904977,0.544494721
33-1021.00,First-Line Supervisors of Firefighting and Prevention Workers,0.69,0.21,0,0.453333333,0.858333333,0.61,0.877828054,0.660633484,0.828700711,0.862443439,0.605580694
33-1091.00,First-Line Supervisors of Security Workers,0.563333333,0.136666667,0,0.428333333,0.825,0.683333333,0.778280543,0.585972851,0.821913381,0.72081448,0.449472097
33-2011.00,Firefighters,0.915,0.32,0.051666667,0.398333333,0.335,0.411666667,0.688914027,0.719457014,0.802844215,0.878280543,0.519607843
33-2021.00,Fire Inspectors and Investigators,0.748333333,0.555,0.003333333,0.265,0.386666667,0.696666667,0.593891403,0.556561086,0.850032321,0.69321267,0.576923077
33-2022.00,Forest Fire Inspectors and Prevention Specialists,0.891666667,0.426666667,0.018333333,0.363333333,0.401666667,0.595,0.680995475,0.530542986,0.818358112,0.758823529,0.521116139
33-3011.00,Bailiffs,0.631666667,0.193333333,0,0.38,0.5,0.58,0.528280543,0.463800905,0.741435036,0.681900452,0.259426848
33-3012.00,Correctional Officers and Jailers,0.721666667,0.115,0.008333333,0.476666667,0.36,0.635,0.501131222,0.394230769,0.756302521,0.708597285,0.20361991
33-3021.00,Detectives and Criminal Investigators,0.53,0.65,0.033333333,0.288333333,0.506666667,0.638333333,0.658371041,0.469457014,0.886877828,0.780995475,0.708144796
33-3021.02,Police Identification and Records Officers,0.638333333,0.446666667,0.096666667,0.161666667,0.321666667,0.773333333,0.472850679,0.553167421,0.830639948,0.723529412,0.60331825
33-3021.06,Intelligence Analysts,0.221666667,0.795,0.185,0.151666667,0.473333333,0.728333333,0.472850679,0.437217195,0.867485456,0.628506787,0.769230769
33-3031.00,Fish and Game Wardens,0.9,0.485,0,0.23,0.336666667,0.54,0.636877828,0.55938914,0.812540401,0.737104072,0.53092006
33-3041.00,Parking Enforcement Workers,0.895,0.071666667,0,0.268333333,0.375,0.685,0.384615385,0.294683258,0.602456367,0.553846154,0.226244344
33-3051.00,Police and Sheriff's Patrol Officers,0.726666667,0.293333333,0.011666667,0.408333333,0.513333333,0.558333333,0.70361991,0.646493213,0.842275372,0.821719457,0.445701357
33-3051.04,Customs and Border Protection Officers,0.398333333,0.273333333,0,0.266666667,0.548333333,0.711666667,0.642533937,0.414027149,0.824175824,0.732126697,0.44494721
33-3052.00,Transit and Railroad Police,0.861666667,0.213333333,0,0.251666667,0.368333333,0.656666667,0.662895928,0.529411765,0.80833872,0.773755656,0.413273002
33-9011.00,Animal Control Workers,0.821666667,0.431666667,0,0.271666667,0.195,0.481666667,0.562217195,0.650452489,0.718487395,0.70361991,0.457013575
33-9021.00,Private Detectives and Investigators,0.231666667,0.483333333,0.07,0.311666667,0.511666667,0.741666667,0.468325792,0.366515837,0.840659341,0.700904977,0.708898944
33-9031.00,Gambling Surveillance Officers and Gambling Investigators,0.523333333,0.195,0,0.191666667,0.63,0.77,0.423076923,0.291289593,0.757918552,0.592307692,0.417797888
33-9032.00,Security Guards,0.901666667,0.215,0,0.273333333,0.313333333,0.626666667,0.492081448,0.47341629,0.765352295,0.643891403,0.294117647
33-9091.00,Crossing Guards and Flaggers,0.81,0.108333333,0.018333333,0.346666667,0.333333333,0.436666667,0.595022624,0.622171946,0.657078216,0.604524887,0.209653092
33-9092.00,"Lifeguards, Ski Patrol, and Other Recreational Protective Service Workers",0.878333333,0.228333333,0,0.54,0.313333333,0.406666667,0.619909502,0.688348416,0.735294118,0.774660633,0.395173454
33-9093.00,Transportation Security Screeners,0.701666667,0.168333333,0,0.241666667,0.268333333,0.751666667,0.428733032,0.501131222,0.744667098,0.671040724,0.31372549
33-9094.00,School Bus Monitors,0.405,0.085,0.123333333,0.708333333,0.158333333,0.626666667,0.718325792,0.742647059,0.693600517,0.700904977,0.257918552
33-9099.02,Retail Loss Prevention Specialists,0.483333333,0.406666667,0,0.285,0.628333333,0.778333333,0.512443439,0.291855204,0.846800259,0.664253394,0.475113122
35-1011.00,Chefs and Head Cooks,0.64,0.113333333,0.286666667,0.325,0.688333333,0.558333333,0.805429864,0.524886878,0.773109244,0.728506787,0.666666667
35-1012.00,First-Line Supervisors of Food Preparation and Serving Workers,0.6,0.063333333,0.041666667,0.395,0.893333333,0.62,0.843891403,0.63178733,0.713962508,0.702714932,0.450226244
35-2011.00,"Cooks, Fast Food",0.888333333,0.063333333,0.141666667,0.236666667,0.393333333,0.553333333,0.281674208,0.404411765,0.520361991,0.50678733,0.198340875
35-2012.00,"Cooks, Institution and Cafeteria",0.816666667,0.138333333,0.168333333,0.361666667,0.36,0.558333333,0.466063348,0.487556561,0.64738203,0.554298643,0.307692308
35-2013.00,"Cooks, Private Household",0.663333333,0.066666667,0.461666667,0.463333333,0.425,0.451666667,0.490950226,0.593891403,0.645765999,0.64479638,0.611613876
35-2014.00,"Cooks, Restaurant",0.771666667,0.093333333,0.285,0.313333333,0.448333333,0.466666667,0.368778281,0.470588235,0.673561732,0.598642534,0.487179487
35-2015.00,"Cooks, Short Order",0.855,0,0.211666667,0.365,0.446666667,0.561666667,0.430995475,0.443438914,0.561409179,0.603167421,0.286576169
35-2021.00,Food Preparation Workers,0.9,0.058333333,0.15,0.285,0.205,0.53,0.277149321,0.427036199,0.559793148,0.457013575,0.226998492
35-3011.00,Bartenders,0.608333333,0,0.216666667,0.456666667,0.475,0.588333333,0.716063348,0.600678733,0.635100194,0.715837104,0.487933635
35-3023.00,Fast Food and Counter Workers,0.638333333,0,0.075,0.413333333,0.408333333,0.66,0.481900452,0.583144796,0.517453135,0.544343891,0.222473605
35-3023.01,Baristas,0.763333333,0.011666667,0.271666667,0.45,0.373333333,0.45,0.548642534,0.64479638,0.569489334,0.608144796,0.364253394
35-3031.00,Waiters and Waitresses,0.52,0,0.14,0.62,0.51,0.658333333,0.61199095,0.699660633,0.606011635,0.685520362,0.368024133
35-3041.00,"Food Servers, Nonrestaurant",0.64,0.076666667,0.183333333,0.538333333,0.308333333,0.478333333,0.46719457,0.654411765,0.5937298,0.555656109,0.274509804
35-9011.00,Dining Room and Cafeteria Attendants and Bartender Helpers,0.771666667,0,0.003333333,0.443333333,0.21,0.595,0.424208145,0.563348416,0.489010989,0.512669683,0.233785822
35-9021.00,Dishwashers,1,0,0,0.138333333,0.073333333,0.575,0.216063348,0.393099548,0.475436328,0.399095023,0.19984917
35-9031.00,"Hosts and Hostesses, Restaurant, Lounge, and Coffee Shop",0.365,0,0.121666667,0.706666667,0.573333333,0.515,0.626696833,0.717760181,0.54427925,0.654298643,0.292609351
37-1011.00,First-Line Supervisors of Housekeeping and Janitorial Workers,0.523333333,0.063333333,0,0.438333333,0.783333333,0.725,0.786199095,0.625,0.710730446,0.638461538,0.417043741
37-1012.00,"First-Line Supervisors of Landscaping, Lawn Service, and Groundskeeping Workers",0.591666667,0.128333333,0.005,0.335,0.851666667,0.706666667,0.811085973,0.566742081,0.716871364,0.654298643,0.493966817
37-2011.00,"Janitors and Cleaners, Except Maids and Housekeeping Cleaners",0.955,0.025,0,0.185,0.111666667,0.601666667,0.216063348,0.412895928,0.554945055,0.402262443,0.229260935
37-2012.00,Maids and Housekeeping Cleaners,0.846666667,0,0.065,0.248333333,0.078333333,0.6,0.264705882,0.470588235,0.540723982,0.399095023,0.212669683
37-2021.00,Pest Control Workers,0.975,0.323333333,0,0.111666667,0.201666667,0.528333333,0.411764706,0.409502262,0.679379444,0.490950226,0.380090498
37-3011.00,Landscaping and Groundskeeping Workers,1,0.103333333,0.15,0.075,0.135,0.391666667,0.273755656,0.360859729,0.571428571,0.438461538,0.30015083
37-3012.00,"Pesticide Handlers, Sprayers, and Applicators, Vegetation",0.918333333,0.288333333,0,0.158333333,0.07,0.445,0.255656109,0.351244344,0.698771816,0.491855204,0.390648567
37-3013.00,Tree Trimmers and Pruners,1,0.188333333,0,0.131666667,0.036666667,0.348333333,0.436651584,0.399321267,0.695862961,0.591855204,0.387631976
39-1013.00,First-Line Supervisors of Gambling Services Workers,0.45,0,0,0.336666667,0.821666667,0.748333333,0.837104072,0.553733032,0.755979315,0.722624434,0.41025641
39-1014.00,"First-Line Supervisors of Entertainment and Recreation Workers, Except Gambling Services",0.316666667,0.005,0.131666667,0.566666667,1,0.62,0.893665158,0.675904977,0.696186167,0.710859729,0.542232278
39-1022.00,First-Line Supervisors of Personal Service Workers,0.395,0.016666667,0.015,0.496666667,0.975,0.685,0.866515837,0.691742081,0.718164189,0.714932127,0.491704374
39-2011.00,Animal Trainers,0.92,0.216666667,0.126666667,0.435,0.18,0.328333333,0.556561086,0.669683258,0.722689076,0.694570136,0.559577677
39-2021.00,Animal Caretakers,0.861666667,0.291666667,0.105,0.458333333,0.086666667,0.375,0.443438914,0.654977376,0.672592114,0.590497738,0.391402715
39-3011.00,Gambling Dealers,0.451666667,0,0.016666667,0.193333333,0.696666667,0.743333333,0.516968326,0.489253394,0.586619263,0.646153846,0.214177979
39-3012.00,Gambling and Sports Book Writers and Runners,0.296666667,0,0.003333333,0.32,0.665,0.828333333,0.403846154,0.426470588,0.585649644,0.534841629,0.239819005
39-3021.00,Motion Picture Projectionists,0.74,0.17,0.35,0.17,0.165,0.565,0.216063348,0.303167421,0.601809955,0.399547511,0.278280543
39-3031.00,"Ushers, Lobby Attendants, and Ticket Takers",0.368333333,0,0.068333333,0.615,0.531666667,0.625,0.582579186,0.700791855,0.528442146,0.581900452,0.288084465
39-3091.00,Amusement and Recreation Attendants,0.538333333,0,0.113333333,0.558333333,0.471666667,0.62,0.489819005,0.558257919,0.542663219,0.534841629,0.206636501
39-3092.00,Costume Attendants,0.48,0,0.768333333,0.376666667,0.306666667,0.545,0.547511312,0.587669683,0.635746606,0.582352941,0.528657617
39-3093.00,"Locker Room, Coatroom, and Dressing Room Attendants",0.526666667,0,0.093333333,0.523333333,0.248333333,0.765,0.383484163,0.57239819,0.515837104,0.469683258,0.246606335
39-4011.00,Embalmers,0.806666667,0.261666667,0.101666667,0.4,0.275,0.475,0.423076923,0.639140271,0.70782159,0.564253394,0.303921569
39-4012.00,Crematory Operators,0.826666667,0.185,0.076666667,0.288333333,0.081666667,0.56,0.311085973,0.691742081,0.716224952,0.585067873,0.219457014
39-4021.00,Funeral Attendants,0.658333333,0.011666667,0.136666667,0.488333333,0.445,0.556666667,0.544117647,0.845588235,0.667097608,0.639366516,0.328808446
39-4031.00,"Morticians, Undertakers, and Funeral Arrangers",0.425,0.066666667,0.125,0.568333333,0.61,0.611666667,0.779411765,0.830316742,0.778926955,0.699095023,0.444193062
39-5011.00,Barbers,0.731666667,0,0.285,0.43,0.425,0.481666667,0.645927602,0.643099548,0.581447964,0.578280543,0.435897436
39-5012.00,"Hairdressers, Hairstylists, and Cosmetologists",0.733333333,0.09,0.373333333,0.453333333,0.375,0.486666667,0.657239819,0.677036199,0.621848739,0.639366516,0.545248869
39-5091.00,"Makeup Artists, Theatrical and Performance",0.555,0.061666667,0.953333333,0.333333333,0.346666667,0.335,0.63800905,0.53280543,0.674531351,0.669230769,0.684766214
39-5092.00,Manicurists and Pedicurists,0.771666667,0.05,0.215,0.343333333,0.225,0.445,0.511312217,0.632918552,0.575953458,0.561085973,0.322021116
39-5093.00,Shampooers,0.755,0.058333333,0.093333333,0.458333333,0.245,0.395,0.461538462,0.665723982,0.503878474,0.485067873,0.254147813
39-5094.00,Skincare Specialists,0.746666667,0.173333333,0.325,0.53,0.353333333,0.395,0.585972851,0.730769231,0.660310278,0.621719457,0.498491704
39-6011.00,Baggage Porters and Bellhops,0.653333333,0,0,0.418333333,0.258333333,0.636666667,0.53959276,0.688914027,0.585003232,0.601809955,0.281297134
39-6012.00,Concierges,0.283333333,0,0.215,0.723333333,0.611666667,0.53,0.616515837,0.787330317,0.680672269,0.763800905,0.542232278
39-7011.00,Tour Guides and Escorts,0.388333333,0.233333333,0.41,0.725,0.44,0.308333333,0.762443439,0.678733032,0.606981254,0.692307692,0.585972851
39-7012.00,Travel Guides,0.241666667,0.223333333,0.241666667,0.64,0.601666667,0.55,0.803167421,0.687217195,0.735617324,0.788687783,0.62745098
39-9011.00,Childcare Workers,0.346666667,0.08,0.43,0.863333333,0.291666667,0.406666667,0.641402715,0.851809955,0.708144796,0.715384615,0.444193062
39-9011.01,Nannies,0.318333333,0.198333333,0.416666667,0.883333333,0.28,0.39,0.674208145,0.800904977,0.760504202,0.758371041,0.464555053
39-9031.00,Exercise Trainers and Group Fitness Instructors,0.705,0.285,0.233333333,0.77,0.418333333,0.33,0.805429864,0.703054299,0.670652877,0.738914027,0.545248869
39-9032.00,Recreation Workers,0.458333333,0.163333333,0.341666667,0.65,0.585,0.41,0.813348416,0.698529412,0.640271493,0.634841629,0.527149321
39-9041.00,Residential Advisors,0.303333333,0.228333333,0.208333333,0.713333333,0.468333333,0.605,0.840497738,0.792420814,0.719133807,0.780995475,0.521870287
41-1011.00,First-Line Supervisors of Retail Sales Workers,0.291666667,0.023333333,0,0.44,1,0.768333333,0.85520362,0.648755656,0.750484809,0.731674208,0.498491704
41-1012.00,First-Line Supervisors of Non-Retail Sales Workers,0.123333333,0.018333333,0,0.513333333,1,0.718333333,0.917420814,0.596719457,0.7291532,0.674208145,0.555806938
41-2011.00,Cashiers,0.316666667,0,0,0.265,0.436666667,0.868333333,0.497737557,0.613687783,0.594376212,0.552036199,0.238310709
41-2012.00,Gambling Change Persons and Booth Cashiers,0.345,0,0.01,0.238333333,0.531666667,0.893333333,0.36199095,0.449660633,0.668390433,0.490950226,0.193815988
41-2021.00,Counter and Rental Clerks,0.361666667,0,0.045,0.383333333,0.476666667,0.816666667,0.584841629,0.608597285,0.584680026,0.578733032,0.287330317
41-2022.00,Parts Salespersons,0.773333333,0.1,0,0.16,0.471666667,0.686666667,0.640271493,0.522624434,0.671945701,0.568778281,0.441930618
41-2031.00,Retail Salespersons,0.366666667,0,0.163333333,0.326666667,0.855,0.695,0.707013575,0.553167421,0.638655462,0.658823529,0.438159879
41-3011.00,Advertising Sales Agents,0.03,0.086666667,0.44,0.326666667,0.941666667,0.556666667,0.812217195,0.450791855,0.680025856,0.748868778,0.624434389
41-3021.00,Insurance Sales Agents,0,0.208333333,0.015,0.451666667,0.825,0.743333333,0.777149321,0.541289593,0.797672915,0.734841629,0.569381599
41-3031.00,"Securities, Commodities, and Financial Services Sales Agents",0.043333333,0.255,0.048333333,0.345,0.846666667,0.711666667,0.773755656,0.426470588,0.832579186,0.784162896,0.719457014
41-3041.00,Travel Agents,0.025,0.085,0.15,0.551666667,0.796666667,0.795,0.682126697,0.615384615,0.686166774,0.649773756,0.510558069
41-3091.00,"Sales Representatives of Services, Except Advertising, Insurance, Financial Services, and Travel",0.011666667,0.156666667,0.075,0.458333333,0.955,0.678333333,0.806561086,0.492081448,0.713639302,0.736199095,0.619155354
41-4011.00,"Sales Representatives, Wholesale and Manufacturing, Technical and Scientific Products",0.3,0.358333333,0.073333333,0.353333333,0.711666667,0.69,0.812217195,0.469457014,0.766321913,0.732579186,0.674208145
41-4012.00,"Sales Representatives, Wholesale and Manufacturing, Except Technical and Scientific Products",0.271666667,0.206666667,0.108333333,0.281666667,0.853333333,0.653333333,0.803167421,0.477941176,0.692307692,0.755656109,0.587481146
41-9011.00,Demonstrators and Product Promoters,0.373333333,0.148333333,0.385,0.376666667,0.73,0.426666667,0.711538462,0.520927602,0.583710407,0.651131222,0.457013575
41-9012.00,Models,0.668333333,0.015,0.985,0.248333333,0.451666667,0.21,0.440045249,0.323529412,0.394634777,0.610859729,0.355957768
41-9021.00,Real Estate Brokers,0.285,0.086666667,0,0.316666667,0.913333333,0.793333333,0.856334842,0.52658371,0.79217841,0.742081448,0.61387632
41-9022.00,Real Estate Sales Agents,0.186666667,0.078333333,0.153333333,0.42,0.91,0.656666667,0.785067873,0.540158371,0.772139625,0.743891403,0.568627451
41-9031.00,Sales Engineers,0.396666667,0.43,0.126666667,0.303333333,0.796666667,0.585,0.798642534,0.549208145,0.762443439,0.742533937,0.755656109
41-9041.00,Telemarketers,0.145,0.015,0.04,0.435,0.726666667,0.678333333,0.604072398,0.325791855,0.569166128,0.701809955,0.252639517
41-9091.00,"Door-to-Door Sales Workers, News and Street Vendors, and Related Workers",0.426666667,0,0.173333333,0.298333333,0.753333333,0.616666667,0.764705882,0.385746606,0.665481577,0.732579186,0.507541478
43-1011.00,First-Line Supervisors of Office and Administrative Support Workers,0.096666667,0.063333333,0,0.555,0.983333333,0.783333333,0.847285068,0.662330317,0.751454428,0.694570136,0.52413273
43-2011.00,"Switchboard Operators, Including Answering Service",0.438333333,0.065,0,0.318333333,0.363333333,0.825,0.463800905,0.623868778,0.536522301,0.591402715,0.245098039
43-2021.00,Telephone Operators,0.371666667,0.023333333,0,0.508333333,0.388333333,0.868333333,0.443438914,0.659502262,0.573691015,0.609049774,0.251131222
43-3011.00,Bill and Account Collectors,0.18,0,0,0.376666667,0.56,1,0.574660633,0.359728507,0.730122818,0.652488688,0.325037707
43-3021.00,Billing and Posting Clerks,0.305,0.098333333,0,0.078333333,0.293333333,1,0.288461538,0.405542986,0.676147382,0.405429864,0.231523379
43-3031.00,"Bookkeeping, Accounting, and Auditing Clerks",0.105,0.196666667,0,0.081666667,0.311666667,1,0.260180995,0.385180995,0.7291532,0.402714932,0.237556561
43-3041.00,Gambling Cage Workers,0.316666667,0,0,0.318333333,0.61,0.83,0.408371041,0.485859729,0.70782159,0.560180995,0.199095023
43-3051.00,Payroll and Timekeeping Clerks,0.141666667,0.008333333,0,0.151666667,0.386666667,1,0.292986425,0.446832579,0.718487395,0.427149321,0.2413273
43-3061.00,Procurement Clerks,0.361666667,0.118333333,0,0.105,0.521666667,1,0.45361991,0.475113122,0.690691661,0.480995475,0.374057315
43-3071.00,Tellers,0.211666667,0.07,0,0.24,0.531666667,0.98,0.481900452,0.605769231,0.751454428,0.595927602,0.233031674
43-4011.00,Brokerage Clerks,0.183333333,0.045,0,0.22,0.585,0.993333333,0.416289593,0.458144796,0.667744021,0.518099548,0.29638009
43-4021.00,Correspondence Clerks,0.053333333,0.253333333,0.095,0.283333333,0.405,0.976666667,0.277149321,0.569004525,0.64738203,0.505882353,0.328054299
43-4031.00,"Court, Municipal, and License Clerks",0.161666667,0.151666667,0.018333333,0.42,0.54,0.86,0.454751131,0.570701357,0.711700065,0.550226244,0.309200603
43-4041.00,"Credit Authorizers, Checkers, and Clerks",0,0.145,0,0.398333333,0.58,1,0.457013575,0.485859729,0.728183581,0.491402715,0.392911011
43-4051.00,Customer Service Representatives,0.161666667,0.105,0,0.461666667,0.68,0.886666667,0.533936652,0.735859729,0.626373626,0.702714932,0.307692308
43-4061.00,"Eligibility Interviewers, Government Programs",0,0.241666667,0,0.576666667,0.486666667,0.886666667,0.492081448,0.667420814,0.71460892,0.597285068,0.32428356
43-4071.00,File Clerks,0.235,0.046666667,0.001666667,0.175,0.126666667,1,0.271493213,0.407239819,0.597285068,0.354751131,0.231523379
43-4081.00,"Hotel, Motel, and Resort Desk Clerks",0.27,0,0.058333333,0.581666667,0.466666667,0.786666667,0.606334842,0.710972851,0.64479638,0.68280543,0.366515837
43-4111.00,"Interviewers, Except Eligibility and Loan",0,0.153333333,0.063333333,0.52,0.443333333,0.835,0.625565611,0.648755656,0.625404008,0.580542986,0.33107089
43-4121.00,"Library Assistants, Clerical",0.318333333,0.166666667,0.048333333,0.461666667,0.196666667,0.981666667,0.485294118,0.61821267,0.60730446,0.48959276,0.338612368
43-4131.00,Loan Interviewers and Clerks,0,0.196666667,0,0.4,0.601666667,0.986666667,0.495475113,0.54581448,0.740788623,0.543438914,0.302413273
43-4141.00,New Accounts Clerks,0.061666667,0.151666667,0,0.443333333,0.608333333,0.976666667,0.613122172,0.66459276,0.709437621,0.61040724,0.329562594
43-4151.00,Order Clerks,0.261666667,0,0,0.253333333,0.59,0.995,0.461538462,0.576923077,0.629282482,0.519909502,0.318250377
43-4161.00,"Human Resources Assistants, Except Payroll and Timekeeping",0.071666667,0.058333333,0,0.373333333,0.485,1,0.490950226,0.636877828,0.669360052,0.51719457,0.337104072
43-4171.00,Receptionists and Information Clerks,0.158333333,0.131666667,0.016666667,0.428333333,0.543333333,0.883333333,0.550904977,0.732466063,0.598577893,0.643438914,0.332579186
43-4181.00,Reservation and Transportation Ticket Agents and Travel Clerks,0.186666667,0,0.053333333,0.565,0.513333333,0.756666667,0.562217195,0.650452489,0.660310278,0.657013575,0.356711916
43-5011.00,Cargo and Freight Agents,0.358333333,0.086666667,0,0.19,0.638333333,0.886666667,0.523755656,0.482466063,0.692307692,0.587330317,0.424585219
43-5011.01,Freight Forwarders,0.418333333,0.265,0,0.14,0.49,0.766666667,0.567873303,0.496040724,0.787007111,0.634841629,0.575414781
43-5021.00,Couriers and Messengers,0.578333333,0.011666667,0,0.326666667,0.31,0.678333333,0.406108597,0.485859729,0.633484163,0.513574661,0.269230769
43-5031.00,Public Safety Telecommunicators,0.555,0.318333333,0,0.441666667,0.315,0.753333333,0.557692308,0.665723982,0.802844215,0.762895928,0.413273002
43-5032.00,"Dispatchers, Except Police, Fire, and Ambulance",0.711666667,0.07,0,0.281666667,0.32,0.733333333,0.635746606,0.538461538,0.691338074,0.664705882,0.399698341
43-5041.00,"Meter Readers, Utilities",0.651666667,0.255,0,0.191666667,0.046666667,0.93,0.286199095,0.436651584,0.603425986,0.450226244,0.226998492
43-5051.00,Postal Service Clerks,0.368333333,0,0,0.261666667,0.285,0.925,0.424208145,0.535067873,0.642857143,0.522624434,0.204374057
43-5052.00,Postal Service Mail Carriers,0.426666667,0,0,0.281666667,0.318333333,0.878333333,0.423076923,0.541855204,0.673561732,0.543438914,0.253393665
43-5053.00,"Postal Service Mail Sorters, Processors, and Processing Machine Operators",0.6,0.09,0,0.138333333,0.11,0.818333333,0.218325792,0.333144796,0.598254686,0.423076923,0.240573152
43-5061.00,"Production, Planning, and Expediting Clerks",0.353333333,0.033333333,0.023333333,0.185,0.651666667,0.82,0.597285068,0.515271493,0.723012282,0.56199095,0.41025641
43-5071.00,"Shipping, Receiving, and Inventory Clerks",0.496666667,0.04,0,0.061666667,0.351666667,1,0.338235294,0.429298643,0.649967679,0.43800905,0.262443439
43-5111.00,"Weighers, Measurers, Checkers, and Samplers, Recordkeeping",0.718333333,0.228333333,0,0,0.126666667,0.895,0.262443439,0.355769231,0.62863607,0.358823529,0.19984917
43-6011.00,Executive Secretaries and Executive Administrative Assistants,0.053333333,0.156666667,0.058333333,0.49,0.751666667,0.901666667,0.624434389,0.610859729,0.736586942,0.641628959,0.45852187
43-6012.00,Legal Secretaries and Administrative Assistants,0.068333333,0.318333333,0.091666667,0.361666667,0.57,0.948333333,0.382352941,0.571266968,0.755332902,0.549773756,0.331825038
43-6013.00,Medical Secretaries and Administrative Assistants,0.215,0.336666667,0,0.521666667,0.361666667,0.945,0.490950226,0.671945701,0.710730446,0.594570136,0.389894419
43-6014.00,"Secretaries and Administrative Assistants, Except Legal, Medical, and Executive",0.163333333,0.061666667,0,0.435,0.53,0.991666667,0.502262443,0.61199095,0.651260504,0.554751131,0.33107089
43-9021.00,Data Entry Keyers,0.341666667,0.218333333,0,0.031666667,0.111666667,1,0.205882353,0.330882353,0.629282482,0.346606335,0.168174962
43-9022.00,Word Processors and Typists,0.311666667,0.156666667,0.21,0.205,0.143333333,0.931666667,0.221719457,0.359162896,0.60989011,0.368325792,0.236802413
43-9031.00,Desktop Publishers,0.396666667,0.306666667,0.54,0.115,0.118333333,0.783333333,0.262443439,0.326923077,0.599224305,0.42760181,0.438914027
43-9041.00,Insurance Claims and Policy Processing Clerks,0.04,0.238333333,0,0.26,0.476666667,1,0.354072398,0.541289593,0.686489981,0.492307692,0.266968326
43-9051.00,"Mail Clerks and Mail Machine Operators, Except Postal Service",0.501666667,0,0,0.168333333,0.19,0.91,0.262443439,0.38178733,0.555914674,0.375113122,0.222473605
43-9061.00,"Office Clerks, General",0.32,0.141666667,0,0.343333333,0.366666667,0.973333333,0.438914027,0.554864253,0.613768584,0.500904977,0.314479638
43-9071.00,"Office Machine Operators, Except Computer",0.591666667,0.188333333,0.026666667,0.113333333,0.176666667,0.928333333,0.221719457,0.330316742,0.552359405,0.380995475,0.249622926
43-9081.00,Proofreaders and Copy Markers,0.073333333,0.25,0.426666667,0.2,0.088333333,0.86,0.228506787,0.398190045,0.692954105,0.395927602,0.253393665
43-9111.00,Statistical Assistants,0.228333333,0.58,0,0.066666667,0.123333333,1,0.252262443,0.351809955,0.690045249,0.404977376,0.383861237
45-1011.00,"First-Line Supervisors of Farming, Fishing, and Forestry Workers",0.755,0.205,0,0.315,0.835,0.61,0.816742081,0.556561086,0.707498384,0.625339367,0.423076923
45-2011.00,Agricultural Inspectors,0.725,0.506666667,0,0.148333333,0.353333333,0.695,0.545248869,0.484162896,0.772139625,0.56199095,0.376319759
45-2021.00,Animal Breeders,0.893333333,0.4,0.075,0.23,0.166666667,0.43,0.32918552,0.467760181,0.698125404,0.55520362,0.474358974
45-2041.00,"Graders and Sorters, Agricultural Products",0.773333333,0.246666667,0.111666667,0.083333333,0.193333333,0.666666667,0.228506787,0.305429864,0.534583064,0.339366516,0.190799397
45-2091.00,Agricultural Equipment Operators,1,0.25,0,0,0.056666667,0.445,0.280542986,0.341628959,0.638655462,0.505429864,0.388386124
45-2092.00,"Farmworkers and Laborers, Crop, Nursery, and Greenhouse",1,0.22,0.046666667,0.143333333,0.228333333,0.393333333,0.305429864,0.422511312,0.614091791,0.48959276,0.312217195
45-2093.00,"Farmworkers, Farm, Ranch, and Aquacultural Animals",0.963333333,0.276666667,0.07,0.25,0.153333333,0.325,0.303167421,0.471719457,0.646735617,0.578733032,0.363499246
45-3031.00,Fishing and Hunting Workers,1,0.211666667,0.01,0.005,0.165,0.381666667,0.236425339,0.297511312,0.598901099,0.511764706,0.423076923
45-4011.00,Forest and Conservation Workers,1,0.388333333,0,0.285,0.338333333,0.511666667,0.323529412,0.434954751,0.636393019,0.532579186,0.339366516
45-4021.00,Fallers,1,0.246666667,0.021666667,0.153333333,0.095,0.386666667,0.175339367,0.272624434,0.67032967,0.570135747,0.288838612
45-4022.00,Logging Equipment Operators,0.971666667,0.135,0,0.018333333,0.016666667,0.566666667,0.240950226,0.314479638,0.653846154,0.545248869,0.279788839
45-4023.00,Log Graders and Scalers,0.663333333,0.228333333,0,0.016666667,0.126666667,0.885,0.251131222,0.312782805,0.616031028,0.391402715,0.294871795
47-1011.00,First-Line Supervisors of Construction Trades and Extraction Workers,0.611666667,0.15,0,0.32,0.833333333,0.658333333,0.837104072,0.592760181,0.795087266,0.702262443,0.522624434
47-2011.00,Boilermakers,1,0.218333333,0,0,0,0.453333333,0.287330317,0.376131222,0.723335488,0.5,0.346153846
47-2021.00,Brickmasons and Blockmasons,0.991666667,0.17,0.111666667,0.018333333,0.035,0.47,0.2760181,0.341063348,0.624111183,0.455656109,0.250377074
47-2022.00,Stonemasons,1,0.19,0.316666667,0.143333333,0.048333333,0.333333333,0.266968326,0.32918552,0.645765999,0.443438914,0.263951735
47-2031.00,Carpenters,0.958333333,0.151666667,0.196666667,0.15,0.131666667,0.41,0.36199095,0.389705882,0.691014867,0.526244344,0.42760181
47-2041.00,Carpet Installers,1,0.021666667,0.156666667,0.048333333,0,0.416666667,0.262443439,0.334841629,0.59114415,0.425791855,0.263951735
47-2042.00,"Floor Layers, Except Carpet, Wood, and Hard Tiles",1,0.065,0.138333333,0.093333333,0,0.446666667,0.238687783,0.322963801,0.593406593,0.401357466,0.270739065
47-2043.00,Floor Sanders and Finishers,1,0.065,0.061666667,0.071666667,0.09,0.388333333,0.212669683,0.292420814,0.57239819,0.379638009,0.240573152
47-2044.00,Tile and Stone Setters,1,0.078333333,0.255,0.056666667,0,0.443333333,0.244343891,0.324660633,0.626373626,0.437556561,0.282051282
47-2051.00,Cement Masons and Concrete Finishers,1,0.215,0.11,0,0,0.378333333,0.340497738,0.346153846,0.620879121,0.478733032,0.260180995
47-2053.00,Terrazzo Workers and Finishers,1,0.133333333,0.155,0,0,0.38,0.277149321,0.318438914,0.578215902,0.415837104,0.287330317
47-2061.00,Construction Laborers,1,0.28,0.063333333,0.038333333,0.058333333,0.435,0.311085973,0.418552036,0.60989011,0.510859729,0.288838612
47-2071.00,"Paving, Surfacing, and Tamping Equipment Operators",1,0.12,0,0,0,0.448333333,0.290723982,0.356334842,0.578539108,0.471493213,0.252639517
47-2072.00,Pile Driver Operators,1,0.156666667,0,0.003333333,0.025,0.435,0.229638009,0.303733032,0.611182935,0.446606335,0.222473605
47-2073.00,Operating Engineers and Other Construction Equipment Operators,1,0.321666667,0,0.023333333,0.043333333,0.48,0.345022624,0.382918552,0.692954105,0.5760181,0.323529412
47-2081.00,Drywall and Ceiling Tile Installers,1,0.16,0.216666667,0.03,0,0.356666667,0.238687783,0.334276018,0.564641241,0.414027149,0.249622926
47-2082.00,Tapers,0.915,0.106666667,0.121666667,0.075,0.013333333,0.406666667,0.218325792,0.299208145,0.541370394,0.346153846,0.152337858
47-2111.00,Electricians,1,0.283333333,0.04,0.053333333,0.135,0.515,0.458144796,0.418552036,0.762766645,0.579638009,0.453996983
47-2121.00,Glaziers,0.886666667,0.181666667,0.221666667,0.113333333,0.111666667,0.431666667,0.316742081,0.363122172,0.625080802,0.494117647,0.303167421
47-2131.00,"Insulation Workers, Floor, Ceiling, and Wall",0.963333333,0.13,0.05,0.008333333,0,0.495,0.248868778,0.352375566,0.594053006,0.414932127,0.244343891
47-2132.00,"Insulation Workers, Mechanical",0.986666667,0.236666667,0,0.04,0,0.541666667,0.264705882,0.343891403,0.593406593,0.423529412,0.292609351
47-2141.00,"Painters, Construction and Maintenance",1,0.078333333,0.251666667,0.043333333,0,0.416666667,0.266968326,0.354072398,0.598254686,0.470135747,0.320512821
47-2142.00,Paperhangers,0.81,0,0.328333333,0.096666667,0.023333333,0.483333333,0.248868778,0.312782805,0.563348416,0.387782805,0.232277526
47-2151.00,Pipelayers,1,0.238333333,0,0.05,0.023333333,0.423333333,0.36199095,0.375,0.621202327,0.459276018,0.261689291
47-2152.00,"Plumbers, Pipefitters, and Steamfitters",1,0.2,0,0.026666667,0,0.453333333,0.390271493,0.407239819,0.709114415,0.527149321,0.383107089
47-2161.00,Plasterers and Stucco Masons,1,0.093333333,0.26,0.063333333,0.008333333,0.383333333,0.298642534,0.358597285,0.602779573,0.439366516,0.286576169
47-2171.00,Reinforcing Iron and Rebar Workers,1,0.196666667,0.02,0.033333333,0.055,0.416666667,0.236425339,0.336538462,0.615707822,0.449773756,0.222473605
47-2181.00,Roofers,1,0.05,0.035,0.08,0.098333333,0.423333333,0.321266968,0.351809955,0.660633484,0.504977376,0.260180995
47-2211.00,Sheet Metal Workers,1,0.178333333,0.091666667,0,0,0.43,0.38800905,0.378959276,0.660310278,0.508597285,0.411010558
47-2221.00,Structural Iron and Steel Workers,1,0.298333333,0.068333333,0.028333333,0.04,0.455,0.354072398,0.376131222,0.680995475,0.540271493,0.2413273
47-2231.00,Solar Photovoltaic Installers,1,0.275,0.065,0.031666667,0.121666667,0.513333333,0.375565611,0.424773756,0.73852618,0.569683258,0.481146305
47-3011.00,"Helpers--Brickmasons, Blockmasons, Stonemasons, and Tile and Marble Setters",1,0.058333333,0.095,0.146666667,0,0.388333333,0.218325792,0.46040724,0.569489334,0.430769231,0.230015083
47-3012.00,Helpers--Carpenters,0.985,0.048333333,0.066666667,0.19,0.101666667,0.41,0.252262443,0.458144796,0.562055591,0.426696833,0.226244344
47-3013.00,Helpers--Electricians,1,0.201666667,0,0.175,0,0.49,0.300904977,0.448529412,0.59793148,0.456561086,0.2760181
47-3014.00,"Helpers--Painters, Paperhangers, Plasterers, and Stucco Masons",0.92,0.018333333,0.13,0.238333333,0.06,0.411666667,0.233031674,0.47341629,0.514221073,0.397285068,0.220965309
47-3015.00,"Helpers--Pipelayers, Plumbers, Pipefitters, and Steamfitters",0.993333333,0.061666667,0,0.143333333,0.041666667,0.443333333,0.246606335,0.458710407,0.5885585,0.450226244,0.276772247
47-3016.00,Helpers--Roofers,0.991666667,0,0,0.16,0.068333333,0.435,0.242081448,0.408936652,0.575307046,0.436651584,0.226244344
47-4011.00,Construction and Building Inspectors,0.861666667,0.516666667,0.036666667,0.076666667,0.191666667,0.735,0.622171946,0.494343891,0.809308339,0.580090498,0.418552036
47-4021.00,Elevator and Escalator Installers and Repairers,1,0.24,0,0.063333333,0.036666667,0.486666667,0.314479638,0.402149321,0.765029089,0.54841629,0.408748115
47-4031.00,Fence Erectors,1,0.18,0.058333333,0.058333333,0,0.446666667,0.313348416,0.354072398,0.577246283,0.406334842,0.254901961
47-4041.00,Hazardous Materials Removal Workers,1,0.261666667,0,0.08,0.031666667,0.56,0.252262443,0.425904977,0.757918552,0.6,0.325037707
47-4051.00,Highway Maintenance Workers,1,0.116666667,0.006666667,0.128333333,0.078333333,0.42,0.298642534,0.389140271,0.626696833,0.518552036,0.245098039
47-4061.00,Rail-Track Laying and Maintenance Equipment Operators,1,0.116666667,0,0,0,0.518333333,0.246606335,0.371040724,0.662895928,0.462895928,0.237556561
47-4071.00,Septic Tank Servicers and Sewer Pipe Cleaners,1,0.178333333,0,0.075,0.031666667,0.543333333,0.283936652,0.389705882,0.638978668,0.513574661,0.309954751
47-4091.00,Segmental Pavers,0.988333333,0.1,0.161666667,0.05,0.036666667,0.4,0.312217195,0.369343891,0.600193924,0.429864253,0.285067873
47-5011.00,"Derrick Operators, Oil and Gas",1,0.256666667,0,0.001666667,0.106666667,0.44,0.45361991,0.402714932,0.722365869,0.606334842,0.292609351
47-5012.00,"Rotary Drill Operators, Oil and Gas",1,0.34,0,0.026666667,0.2,0.463333333,0.583710407,0.421945701,0.754040078,0.621266968,0.374811463
47-5013.00,"Service Unit Operators, Oil and Gas",1,0.263333333,0,0.033333333,0.136666667,0.511666667,0.347285068,0.373303167,0.712346477,0.602714932,0.407239819
47-5022.00,"Excavating and Loading Machine and Dragline Operators, Surface Mining",1,0.233333333,0,0,0,0.425,0.253393665,0.317307692,0.617970265,0.47918552,0.243589744
47-5023.00,"Earth Drillers, Except Oil and Gas",1,0.441666667,0.023333333,0.036666667,0.116666667,0.445,0.270361991,0.33540724,0.682611506,0.55158371,0.365761689
47-5032.00,"Explosives Workers, Ordnance Handling Experts, and Blasters",0.983333333,0.461666667,0.041666667,0.05,0.138333333,0.531666667,0.309954751,0.386877828,0.797349709,0.676923077,0.267722474
47-5041.00,Continuous Mining Machine Operators,0.995,0.25,0,0.006666667,0.056666667,0.511666667,0.233031674,0.337669683,0.709114415,0.562443439,0.230015083
47-5043.00,"Roof Bolters, Mining",1,0.243333333,0,0,0.001666667,0.39,0.218325792,0.28959276,0.689398836,0.515384615,0.225490196
47-5044.00,"Loading and Moving Machine Operators, Underground Mining",1,0.191666667,0,0,0,0.45,0.213800905,0.337104072,0.661603103,0.525339367,0.242835596
47-5051.00,"Rock Splitters, Quarry",0.998333333,0.178333333,0.123333333,0.043333333,0.028333333,0.365,0.195701357,0.273755656,0.536199095,0.38280543,0.196078431
47-5071.00,"Roustabouts, Oil and Gas",1,0.131666667,0,0,0,0.381666667,0.28280543,0.369343891,0.645765999,0.518552036,0.248868778
47-5081.00,Helpers--Extraction Workers,1,0.19,0,0.131666667,0.096666667,0.448333333,0.242081448,0.411764706,0.599547511,0.48280543,0.242081448
49-1011.00,"First-Line Supervisors of Mechanics, Installers, and Repairers",0.521666667,0.121666667,0.001666667,0.426666667,0.831666667,0.625,0.791855204,0.605769231,0.774402069,0.661538462,0.527149321
49-2011.00,"Computer, Automated Teller, and Office Machine Repairers",0.805,0.275,0,0.125,0.131666667,0.75,0.408371041,0.458144796,0.711700065,0.481900452,0.446455505
49-2021.00,"Radio, Cellular, and Tower Equipment Installers and Repairers",0.955,0.413333333,0.008333333,0.061666667,0.06,0.588333333,0.280542986,0.365384615,0.727537169,0.556561086,0.438914027
49-2022.00,"Telecommunications Equipment Installers and Repairers, Except Line Installers",0.905,0.236666667,0,0.135,0.1,0.638333333,0.447963801,0.515837104,0.729799612,0.57239819,0.500754148
49-2091.00,Avionics Technicians,1,0.551666667,0.026666667,0.063333333,0.01,0.568333333,0.333710407,0.402149321,0.78959276,0.565158371,0.549773756
49-2092.00,"Electric Motor, Power Tool, and Related Repairers",1,0.288333333,0,0.031666667,0.001666667,0.541666667,0.291855204,0.367081448,0.666451196,0.47239819,0.399698341
49-2093.00,"Electrical and Electronics Installers and Repairers, Transportation Equipment",1,0.396666667,0,0.025,0.003333333,0.638333333,0.319004525,0.384049774,0.735294118,0.545248869,0.45852187
49-2094.00,"Electrical and Electronics Repairers, Commercial and Industrial Equipment",1,0.473333333,0,0,0.073333333,0.711666667,0.389140271,0.403846154,0.734001293,0.55520362,0.584464555
49-2095.00,"Electrical and Electronics Repairers, Powerhouse, Substation, and Relay",1,0.42,0,0.011666667,0.05,0.711666667,0.317873303,0.385180995,0.755332902,0.566063348,0.539215686
49-2096.00,"Electronic Equipment Installers and Repairers, Motor Vehicles",1,0.406666667,0,0.05,0,0.555,0.382352941,0.408936652,0.675177763,0.501809955,0.463800905
49-2097.00,Audiovisual Equipment Installers and Repairers,0.975,0.27,0.11,0.106666667,0.02,0.601666667,0.428733032,0.474547511,0.658371041,0.533936652,0.444193062
49-2098.00,Security and Fire Alarm Systems Installers,0.945,0.391666667,0,0.061666667,0.096666667,0.656666667,0.414027149,0.447963801,0.75727214,0.538461538,0.423831071
49-3011.00,Aircraft Mechanics and Service Technicians,0.95,0.468333333,0,0.051666667,0.14,0.616666667,0.333710407,0.441176471,0.799612153,0.599095023,0.470588235
49-3021.00,Automotive Body and Related Repairers,1,0.1,0.071666667,0.01,0.075,0.39,0.274886878,0.384049774,0.652876535,0.500904977,0.367269985
49-3022.00,Automotive Glass Installers and Repairers,1,0.206666667,0,0.046666667,0.065,0.45,0.281674208,0.343891403,0.631868132,0.447963801,0.291855204
49-3023.00,Automotive Service Technicians and Mechanics,1,0.43,0,0.075,0.1,0.551666667,0.378959276,0.430429864,0.694570136,0.520361991,0.528657617
49-3031.00,Bus and Truck Mechanics and Diesel Engine Specialists,1,0.378333333,0,0.09,0.048333333,0.455,0.297511312,0.382918552,0.70103426,0.505429864,0.476621418
49-3041.00,Farm Equipment Mechanics and Service Technicians,1,0.336666667,0,0.05,0.013333333,0.55,0.333710407,0.412895928,0.702973497,0.515837104,0.493966817
49-3042.00,"Mobile Heavy Equipment Mechanics, Except Engines",1,0.423333333,0,0,0,0.558333333,0.328054299,0.377828054,0.734647705,0.519004525,0.504524887
49-3043.00,Rail Car Repairers,1,0.295,0.035,0.08,0.026666667,0.478333333,0.272624434,0.369909502,0.695862961,0.477828054,0.40346908
49-3051.00,Motorboat Mechanics and Service Technicians,1,0.31,0,0.001666667,0.101666667,0.48,0.297511312,0.354072398,0.687136393,0.478280543,0.413273002
49-3052.00,Motorcycle Mechanics,1,0.353333333,0.038333333,0.073333333,0,0.44,0.328054299,0.399886878,0.67032967,0.497285068,0.462292609
49-3053.00,Outdoor Power Equipment and Other Small Engine Mechanics,1,0.246666667,0,0.033333333,0.043333333,0.495,0.347285068,0.395361991,0.657724628,0.472850679,0.417797888
49-3091.00,Bicycle Repairers,1,0.136666667,0.028333333,0.103333333,0.081666667,0.39,0.436651584,0.514140271,0.644149968,0.45520362,0.387631976
49-3092.00,Recreational Vehicle Service Technicians,1,0.268333333,0,0.095,0.04,0.52,0.410633484,0.452488688,0.706851972,0.557013575,0.487933635
49-3093.00,Tire Repairers and Changers,1,0.133333333,0,0.131666667,0.096666667,0.401666667,0.264705882,0.369909502,0.585649644,0.429864253,0.243589744
49-9011.00,Mechanical Door Repairers,0.978333333,0.13,0,0.076666667,0,0.493333333,0.339366516,0.399321267,0.652230123,0.463348416,0.37933635
49-9012.00,"Control and Valve Installers and Repairers, Except Mechanical Door",1,0.308333333,0,0.033333333,0,0.585,0.279411765,0.364819005,0.693923723,0.453846154,0.352187029
49-9021.00,"Heating, Air Conditioning, and Refrigeration Mechanics and Installers",0.993333333,0.303333333,0.006666667,0.078333333,0.033333333,0.548333333,0.415158371,0.449660633,0.727537169,0.566515837,0.407239819
49-9031.00,Home Appliance Repairers,1,0.221666667,0.026666667,0.105,0.06,0.64,0.444570136,0.522058824,0.719457014,0.551131222,0.45173454
49-9041.00,Industrial Machinery Mechanics,1,0.335,0.001666667,0,0.028333333,0.555,0.320135747,0.389140271,0.731415643,0.530316742,0.464555053
49-9043.00,"Maintenance Workers, Machinery",1,0.173333333,0,0,0.033333333,0.541666667,0.288461538,0.377262443,0.65416936,0.469230769,0.334087481
49-9044.00,Millwrights,1,0.28,0.098333333,0,0.015,0.438333333,0.364253394,0.373303167,0.704266322,0.508144796,0.389140271
49-9045.00,"Refractory Materials Repairers, Except Brickmasons",1,0.2,0.051666667,0.003333333,0,0.425,0.187782805,0.321266968,0.609243697,0.415837104,0.259426848
49-9051.00,Electrical Power-Line Installers and Repairers,1,0.276666667,0,0.046666667,0.13,0.466666667,0.364253394,0.411764706,0.759211377,0.658371041,0.330316742
49-9052.00,Telecommunications Line Installers and Repairers,0.913333333,0.248333333,0,0.096666667,0.168333333,0.528333333,0.335972851,0.420248869,0.676147382,0.540723982,0.398190045
49-9061.00,Camera and Photographic Equipment Repairers,0.988333333,0.276666667,0.155,0.031666667,0,0.638333333,0.25,0.324095023,0.678086619,0.466515837,0.4826546
49-9062.00,Medical Equipment Repairers,1,0.598333333,0,0.16,0,0.633333333,0.384615385,0.500565611,0.791208791,0.57239819,0.626696833
49-9063.00,Musical Instrument Repairers and Tuners,0.898333333,0.273333333,0.41,0.096666667,0,0.423333333,0.264705882,0.398190045,0.679056238,0.466968326,0.510558069
49-9064.00,Watch and Clock Repairers,0.923333333,0.163333333,0.056666667,0.068333333,0.021666667,0.573333333,0.25678733,0.36199095,0.712669683,0.430316742,0.380090498
49-9071.00,"Maintenance and Repair Workers, General",1,0.255,0.033333333,0.125,0.088333333,0.528333333,0.369909502,0.411764706,0.718487395,0.564705882,0.538461538
49-9081.00,Wind Turbine Service Technicians,1,0.433333333,0,0.103333333,0.128333333,0.548333333,0.357466063,0.408936652,0.786360698,0.641176471,0.594268477
49-9091.00,"Coin, Vending, and Amusement Machine Servicers and Repairers",0.846666667,0.135,0,0.036666667,0.148333333,0.783333333,0.25678733,0.361425339,0.62605042,0.458371041,0.340874811
49-9092.00,Commercial Divers,1,0.433333333,0.058333333,0.016666667,0.11,0.35,0.430995475,0.457013575,0.825791855,0.756561086,0.537707391
49-9094.00,Locksmiths and Safe Repairers,0.848333333,0.185,0,0.095,0.07,0.666666667,0.285067873,0.413461538,0.759857789,0.50678733,0.426847662
49-9095.00,Manufactured Building and Mobile Home Installers,0.971666667,0.15,0.086666667,0.118333333,0.028333333,0.483333333,0.325791855,0.391402715,0.630575307,0.481900452,0.353695324
49-9096.00,Riggers,1,0.228333333,0.068333333,0.003333333,0.158333333,0.44,0.483031674,0.421945701,0.733678087,0.588235294,0.328808446
49-9097.00,Signal and Track Switch Repairers,0.915,0.273333333,0,0.031666667,0.001666667,0.576666667,0.254524887,0.352941176,0.737556561,0.522624434,0.370286576
49-9098.00,"Helpers--Installation, Maintenance, and Repair Workers",0.998333333,0.161666667,0.016666667,0.136666667,0.105,0.506666667,0.326923077,0.515271493,0.604072398,0.475565611,0.33785822
51-1011.00,First-Line Supervisors of Production and Operating Workers,0.55,0.096666667,0,0.311666667,0.883333333,0.675,0.831447964,0.592760181,0.777634131,0.673755656,0.549773756
51-2011.00,"Aircraft Structure, Surfaces, Rigging, and Systems Assemblers",1,0.276666667,0.123333333,0,0.061666667,0.47,0.257918552,0.374434389,0.746929541,0.482352941,0.302413273
51-2021.00,"Coil Winders, Tapers, and Finishers",0.923333333,0.213333333,0,0.02,0.066666667,0.528333333,0.231900452,0.303733032,0.573044602,0.347511312,0.198340875
51-2022.00,Electrical and Electronic Equipment Assemblers,1,0.376666667,0.116666667,0.035,0,0.493333333,0.281674208,0.371040724,0.64479638,0.445248869,0.335595777
51-2023.00,Electromechanical Equipment Assemblers,1,0.391666667,0.068333333,0.01,0,0.663333333,0.225113122,0.347850679,0.651260504,0.439366516,0.285067873
51-2031.00,Engine and Other Machine Assemblers,1,0.281666667,0.038333333,0,0.011666667,0.565,0.235294118,0.354638009,0.655462185,0.446606335,0.315233786
51-2041.00,Structural Metal Fabricators and Fitters,1,0.266666667,0.121666667,0,0.02,0.485,0.253393665,0.339366516,0.655138979,0.441176471,0.303921569
51-2051.00,Fiberglass Laminators and Fabricators,0.956666667,0.17,0.203333333,0,0.026666667,0.415,0.237556561,0.299773756,0.566903685,0.412217195,0.22775264
51-2061.00,Timing Device Assemblers and Adjusters,0.956666667,0.186666667,0.031666667,0,0.023333333,0.601666667,0.179864253,0.292986425,0.690045249,0.390045249,0.311463047
51-2092.00,Team Assemblers,0.728333333,0.071666667,0.1,0.236666667,0.488333333,0.596666667,0.617647059,0.580882353,0.641564318,0.549773756,0.346153846
51-3011.00,Bakers,0.881666667,0.11,0.231666667,0.121666667,0.183333333,0.533333333,0.294117647,0.38800905,0.64479638,0.484162896,0.377828054
51-3021.00,Butchers and Meat Cutters,0.876666667,0.068333333,0.13,0.148333333,0.296666667,0.486666667,0.412895928,0.406674208,0.618616677,0.477375566,0.325791855
51-3022.00,"Meat, Poultry, and Fish Cutters and Trimmers",1,0.128333333,0,0.061666667,0.07,0.486666667,0.2239819,0.294683258,0.552682612,0.384162896,0.19984917
51-3023.00,Slaughterers and Meat Packers,0.936666667,0.206666667,0.051666667,0.111666667,0.186666667,0.421666667,0.216063348,0.308257919,0.541047188,0.419457014,0.214932127
51-3091.00,"Food and Tobacco Roasting, Baking, and Drying Machine Operators and Tenders",0.976666667,0.1,0.018333333,0.043333333,0.138333333,0.526666667,0.227375566,0.316742081,0.597285068,0.422624434,0.230015083
51-3092.00,Food Batchmakers,0.848333333,0.185,0.151666667,0.083333333,0.27,0.608333333,0.36199095,0.367081448,0.659340659,0.490497738,0.316742081
51-3093.00,Food Cooking Machine Operators and Tenders,0.97,0.163333333,0.025,0.056666667,0.113333333,0.611666667,0.229638009,0.323529412,0.580478345,0.439366516,0.220965309
51-4021.00,"Extruding and Drawing Machine Setters, Operators, and Tenders, Metal and Plastic",0.95,0.205,0.071666667,0.013333333,0,0.551666667,0.230769231,0.315045249,0.61667744,0.434841629,0.299396682
51-4022.00,"Forging Machine Setters, Operators, and Tenders, Metal and Plastic",0.956666667,0.27,0.005,0,0.031666667,0.565,0.252262443,0.331447964,0.638978668,0.459728507,0.285067873
51-4023.00,"Rolling Machine Setters, Operators, and Tenders, Metal and Plastic",0.96,0.111666667,0.001666667,0.001666667,0,0.493333333,0.333710407,0.339932127,0.638332256,0.451131222,0.277526395
51-4031.00,"Cutting, Punching, and Press Machine Setters, Operators, and Tenders, Metal and Plastic",0.976666667,0.203333333,0.01,0,0,0.55,0.2239819,0.315045249,0.606658048,0.416742081,0.232277526
51-4032.00,"Drilling and Boring Machine Tool Setters, Operators, and Tenders, Metal and Plastic",1,0.291666667,0,0,0,0.545,0.240950226,0.326357466,0.629928895,0.430316742,0.294117647
51-4033.00,"Grinding, Lapping, Polishing, and Buffing Machine Tool Setters, Operators, and Tenders, Metal and Plastic",1,0.19,0.03,0,0,0.485,0.245475113,0.30260181,0.641241112,0.415837104,0.260180995
51-4034.00,"Lathe and Turning Machine Tool Setters, Operators, and Tenders, Metal and Plastic",1,0.186666667,0,0,0,0.556666667,0.205882353,0.312217195,0.641241112,0.433936652,0.303921569
51-4035.00,"Milling and Planing Machine Setters, Operators, and Tenders, Metal and Plastic",1,0.235,0.031666667,0,0,0.563333333,0.211538462,0.311651584,0.630575307,0.413574661,0.286576169
51-4041.00,Machinists,1,0.45,0.158333333,0.026666667,0.035,0.566666667,0.272624434,0.365384615,0.741435036,0.497737557,0.438159879
51-4051.00,Metal-Refining Furnace Operators and Tenders,0.98,0.291666667,0.008333333,0.001666667,0,0.495,0.245475113,0.332013575,0.665158371,0.485520362,0.267722474
51-4052.00,"Pourers and Casters, Metal",1,0.241666667,0.023333333,0.008333333,0,0.46,0.185520362,0.323529412,0.607950873,0.469683258,0.202111614
51-4061.00,"Model Makers, Metal and Plastic",0.976666667,0.318333333,0.276666667,0.008333333,0,0.505,0.28280543,0.325791855,0.69424693,0.470135747,0.463800905
51-4062.00,"Patternmakers, Metal and Plastic",0.868333333,0.121666667,0.395,0,0,0.535,0.221719457,0.320135747,0.653846154,0.405882353,0.347662142
51-4071.00,Foundry Mold and Coremakers,0.97,0.211666667,0.19,0.008333333,0,0.416666667,0.242081448,0.311085973,0.556884292,0.38280543,0.21719457
51-4072.00,"Molding, Coremaking, and Casting Machine Setters, Operators, and Tenders, Metal and Plastic",0.995,0.213333333,0.058333333,0.013333333,0.013333333,0.546666667,0.236425339,0.326357466,0.615707822,0.438914027,0.245852187
51-4081.00,"Multiple Machine Tool Setters, Operators, and Tenders, Metal and Plastic",1,0.211666667,0,0.013333333,0,0.598333333,0.257918552,0.342760181,0.671945701,0.492760181,0.357466063
51-4111.00,Tool and Die Makers,0.99,0.33,0.15,0,0,0.531666667,0.287330317,0.330316742,0.744020685,0.473303167,0.485671192
51-4121.00,"Welders, Cutters, Solderers, and Brazers",1,0.18,0.066666667,0.013333333,0.088333333,0.441666667,0.25,0.326923077,0.652230123,0.471493213,0.335595777
51-4122.00,"Welding, Soldering, and Brazing Machine Setters, Operators, and Tenders",1,0.17,0.048333333,0.021666667,0.083333333,0.483333333,0.271493213,0.334276018,0.642857143,0.451131222,0.339366516
51-4191.00,"Heat Treating Equipment Setters, Operators, and Tenders, Metal and Plastic",0.97,0.2,0,0.095,0,0.511666667,0.259049774,0.33540724,0.631221719,0.437104072,0.269230769
51-4192.00,"Layout Workers, Metal and Plastic",0.913333333,0.305,0.313333333,0.003333333,0,0.481666667,0.252262443,0.329751131,0.655138979,0.4239819,0.381598793
51-4193.00,"Plating Machine Setters, Operators, and Tenders, Metal and Plastic",1,0.205,0.068333333,0,0,0.516666667,0.25,0.305995475,0.616031028,0.421266968,0.246606335
51-4194.00,"Tool Grinders, Filers, and Sharpeners",1,0.17,0.041666667,0,0,0.525,0.238687783,0.291289593,0.638332256,0.415837104,0.292609351
51-5111.00,Prepress Technicians and Workers,0.668333333,0.16,0.35,0.108333333,0.058333333,0.793333333,0.230769231,0.344457014,0.595022624,0.407239819,0.361236802
51-5112.00,Printing Press Operators,0.633333333,0.03,0.123333333,0.118333333,0.128333333,0.738333333,0.265837104,0.332579186,0.644149968,0.45158371,0.294117647
51-5113.00,Print Binding and Finishing Workers,0.74,0.033333333,0.175,0.078333333,0.038333333,0.748333333,0.266968326,0.32918552,0.608920491,0.397737557,0.223227753
51-6011.00,Laundry and Dry-Cleaning Workers,0.896666667,0,0.03,0.06,0.09,0.543333333,0.226244344,0.331447964,0.529734971,0.331674208,0.2239819
51-6021.00,"Pressers, Textile, Garment, and Related Materials",0.896666667,0.076666667,0.218333333,0.025,0,0.416666667,0.202488688,0.294117647,0.532320621,0.347963801,0.201357466
51-6031.00,Sewing Machine Operators,0.963333333,0.061666667,0.125,0.026666667,0.025,0.495,0.231900452,0.323529412,0.573367809,0.369230769,0.207390649
51-6041.00,Shoe and Leather Workers and Repairers,0.99,0.105,0.355,0.053333333,0.088333333,0.365,0.244343891,0.319570136,0.613445378,0.397285068,0.373303167
51-6042.00,Shoe Machine Operators and Tenders,0.951666667,0.128333333,0.111666667,0.05,0.09,0.48,0.228506787,0.307126697,0.567550097,0.350226244,0.215686275
51-6051.00,"Sewers, Hand",0.913333333,0,0.231666667,0.093333333,0.025,0.375,0.205882353,0.307126697,0.585003232,0.366515837,0.23453997
51-6052.00,"Tailors, Dressmakers, and Custom Sewers",0.813333333,0.026666667,0.493333333,0.165,0.24,0.355,0.365384615,0.476809955,0.65416936,0.469683258,0.444193062
51-6061.00,Textile Bleaching and Dyeing Machine Operators and Tenders,0.961666667,0.178333333,0.045,0.045,0.035,0.53,0.264705882,0.32861991,0.595345831,0.425339367,0.226244344
51-6062.00,"Textile Cutting Machine Setters, Operators, and Tenders",0.893333333,0.091666667,0.085,0.036666667,0.093333333,0.581666667,0.25678733,0.331447964,0.5885585,0.406334842,0.220965309
51-6063.00,"Textile Knitting and Weaving Machine Setters, Operators, and Tenders",0.991666667,0.135,0.093333333,0.003333333,0.06,0.546666667,0.25678733,0.332579186,0.590174531,0.405882353,0.247360483
51-6064.00,"Textile Winding, Twisting, and Drawing Out Machine Setters, Operators, and Tenders",0.916666667,0.08,0.055,0,0.088333333,0.553333333,0.234162896,0.32239819,0.573691015,0.377375566,0.239064857
51-6091.00,"Extruding and Forming Machine Setters, Operators, and Tenders, Synthetic and Glass Fibers",0.916666667,0.201666667,0.045,0.036666667,0.068333333,0.508333333,0.260180995,0.320701357,0.587265676,0.428959276,0.226998492
51-6092.00,Fabric and Apparel Patternmakers,0.775,0.056666667,0.733333333,0.051666667,0.075,0.528333333,0.269230769,0.358597285,0.660310278,0.442533937,0.470588235
51-6093.00,Upholsterers,0.968333333,0.14,0.32,0.063333333,0,0.32,0.236425339,0.304864253,0.592436975,0.395475113,0.374057315
51-7011.00,Cabinetmakers and Bench Carpenters,1,0.175,0.25,0.018333333,0.038333333,0.396666667,0.254524887,0.314479638,0.659987072,0.415837104,0.391402715
51-7021.00,Furniture Finishers,1,0.075,0.321666667,0.041666667,0,0.311666667,0.24321267,0.309954751,0.617970265,0.402714932,0.41025641
51-7031.00,"Model Makers, Wood",1,0.261666667,0.465,0.063333333,0.098333333,0.498333333,0.261312217,0.330316742,0.662895928,0.441176471,0.473604827
51-7032.00,"Patternmakers, Wood",0.93,0.176666667,0.51,0.048333333,0.043333333,0.506666667,0.259049774,0.304864253,0.659663866,0.391855204,0.398944193
51-7041.00,"Sawing Machine Setters, Operators, and Tenders, Wood",1,0.226666667,0,0.026666667,0,0.478333333,0.246606335,0.313914027,0.602456367,0.42760181,0.225490196
51-7042.00,"Woodworking Machine Setters, Operators, and Tenders, Except Sawing",1,0.23,0.021666667,0.033333333,0.003333333,0.523333333,0.25,0.316176471,0.61926309,0.435746606,0.279034691
51-8011.00,Nuclear Power Reactor Operators,0.733333333,0.353333333,0,0.178333333,0.266666667,0.69,0.32918552,0.514140271,0.861344538,0.700452489,0.423831071
51-8012.00,Power Distributors and Dispatchers,0.7,0.238333333,0,0.163333333,0.348333333,0.685,0.595022624,0.445701357,0.793471235,0.72760181,0.469834087
51-8013.00,Power Plant Operators,0.973333333,0.306666667,0,0.041666667,0.156666667,0.685,0.305429864,0.387443439,0.767291532,0.62760181,0.314479638
51-8021.00,Stationary Engineers and Boiler Operators,1,0.36,0,0.016666667,0.036666667,0.566666667,0.319004525,0.363122172,0.748545572,0.547058824,0.349924585
51-8031.00,Water and Wastewater Treatment Plant and System Operators,0.958333333,0.258333333,0,0.095,0.103333333,0.6,0.428733032,0.450791855,0.744990304,0.558823529,0.404977376
51-8091.00,Chemical Plant and System Operators,0.87,0.363333333,0,0.036666667,0.1,0.693333333,0.303167421,0.432692308,0.786037492,0.632126697,0.395173454
51-8092.00,Gas Plant Operators,0.941666667,0.263333333,0,0.076666667,0.213333333,0.698333333,0.306561086,0.398755656,0.755656109,0.616289593,0.325791855
51-8093.00,"Petroleum Pump System Operators, Refinery Operators, and Gaugers",0.861666667,0.24,0,0.055,0.206666667,0.676666667,0.32239819,0.390271493,0.749191984,0.567873303,0.302413273
51-9011.00,Chemical Equipment Operators and Tenders,0.928333333,0.36,0,0.02,0.045,0.593333333,0.272624434,0.378959276,0.749191984,0.570135747,0.356711916
51-9012.00,"Separating, Filtering, Clarifying, Precipitating, and Still Machine Setters, Operators, and Tenders",0.878333333,0.215,0,0.016666667,0.015,0.578333333,0.248868778,0.337669683,0.653199741,0.45520362,0.269984917
51-9021.00,"Crushing, Grinding, and Polishing Machine Setters, Operators, and Tenders",0.973333333,0.186666667,0,0,0.068333333,0.598333333,0.230769231,0.31561086,0.595669037,0.410859729,0.222473605
51-9022.00,"Grinding and Polishing Workers, Hand",1,0.085,0.166666667,0.011666667,0,0.375,0.211538462,0.299773756,0.585649644,0.378280543,0.223227753
51-9023.00,"Mixing and Blending Machine Setters, Operators, and Tenders",0.926666667,0.156666667,0.021666667,0.015,0.026666667,0.54,0.213800905,0.32239819,0.65675501,0.438914027,0.214177979
51-9031.00,"Cutters and Trimmers, Hand",0.873333333,0.036666667,0.2,0.021666667,0,0.458333333,0.205882353,0.294683258,0.577246283,0.375113122,0.224736048
51-9032.00,"Cutting and Slicing Machine Setters, Operators, and Tenders",0.951666667,0.101666667,0.003333333,0,0.033333333,0.575,0.234162896,0.304864253,0.589851325,0.38280543,0.217948718
51-9041.00,"Extruding, Forming, Pressing, and Compacting Machine Setters, Operators, and Tenders",0.923333333,0.205,0.046666667,0.006666667,0.041666667,0.55,0.231900452,0.312782805,0.599870718,0.433031674,0.251131222
51-9051.00,"Furnace, Kiln, Oven, Drier, and Kettle Operators and Tenders",0.971666667,0.18,0,0.048333333,0.035,0.563333333,0.225113122,0.346153846,0.633807369,0.450226244,0.2586727
51-9061.00,"Inspectors, Testers, Sorters, Samplers, and Weighers",0.788333333,0.403333333,0,0,0.063333333,0.726666667,0.290723982,0.386877828,0.723335488,0.440723982,0.247360483
51-9071.00,Jewelers and Precious Stone and Metal Workers,0.931666667,0.266666667,0.45,0.005,0.085,0.391666667,0.32239819,0.373868778,0.758241758,0.497737557,0.54147813
51-9071.06,Gem and Diamond Workers,0.743333333,0.348333333,0.313333333,0.025,0.19,0.518333333,0.277149321,0.404977376,0.763413058,0.473303167,0.469834087
51-9081.00,Dental Laboratory Technicians,0.935,0.576666667,0.086666667,0.278333333,0,0.52,0.286199095,0.372171946,0.730446025,0.449321267,0.441176471
51-9082.00,Medical Appliance Technicians,1,0.493333333,0.096666667,0.366666667,0,0.443333333,0.451357466,0.573529412,0.748222366,0.544343891,0.506033183
51-9083.00,Ophthalmic Laboratory Technicians,0.895,0.311666667,0.116666667,0.15,0.061666667,0.521666667,0.247737557,0.333144796,0.646089205,0.4,0.266214178
51-9111.00,Packaging and Filling Machine Operators and Tenders,0.938333333,0.061666667,0,0.003333333,0.14,0.651666667,0.216063348,0.326923077,0.570782159,0.38959276,0.205128205
51-9123.00,"Painting, Coating, and Decorating Workers",0.988333333,0.056666667,0.403333333,0.095,0,0.4,0.252262443,0.302036199,0.552682612,0.400904977,0.351432881
51-9124.00,"Coating, Painting, and Spraying Machine Setters, Operators, and Tenders",0.996666667,0.081666667,0.185,0.038333333,0.008333333,0.44,0.237556561,0.317307692,0.602456367,0.442081448,0.304675716
51-9141.00,Semiconductor Processing Technicians,0.9,0.345,0,0.018333333,0.076666667,0.691666667,0.244343891,0.357466063,0.697478992,0.480542986,0.26546003
51-9151.00,Photographic Process Workers and Processing Machine Operators,0.748333333,0.188333333,0.32,0.018333333,0.018333333,0.698333333,0.262443439,0.336538462,0.595345831,0.426696833,0.305429864
51-9161.00,Computer Numerically Controlled Tool Operators,0.906666667,0.313333333,0.031666667,0,0.061666667,0.731666667,0.25,0.339932127,0.640917906,0.471040724,0.377073906
51-9162.00,Computer Numerically Controlled Tool Programmers,0.646666667,0.436666667,0.088333333,0.075,0.113333333,0.82,0.259049774,0.34219457,0.735294118,0.497285068,0.588989442
51-9191.00,Adhesive Bonding Machine Operators and Tenders,0.915,0.176666667,0.013333333,0,0.018333333,0.565,0.238687783,0.329751131,0.568196509,0.405882353,0.208144796
51-9192.00,"Cleaning, Washing, and Metal Pickling Equipment Operators and Tenders",1,0.113333333,0,0,0,0.568333333,0.252262443,0.281674208,0.567226891,0.374660633,0.164404223
51-9193.00,Cooling and Freezing Equipment Operators and Tenders,0.998333333,0.22,0,0.068333333,0.02,0.548333333,0.240950226,0.324095023,0.628312864,0.433936652,0.235294118
51-9194.00,Etchers and Engravers,0.92,0.241666667,0.458333333,0.063333333,0,0.406666667,0.213800905,0.293552036,0.633807369,0.385520362,0.371040724
51-9195.00,"Molders, Shapers, and Casters, Except Metal and Plastic",0.94,0.208333333,0.19,0.001666667,0,0.548333333,0.244343891,0.297511312,0.551389787,0.373755656,0.257918552
51-9195.03,"Stone Cutters and Carvers, Manufacturing",1,0.146666667,0.471666667,0.038333333,0,0.458333333,0.213800905,0.290723982,0.629605688,0.392307692,0.273001508
51-9195.04,"Glass Blowers, Molders, Benders, and Finishers",0.965,0.25,0.076666667,0,0.08,0.686666667,0.231900452,0.302036199,0.587265676,0.463800905,0.335595777
51-9195.05,"Potters, Manufacturing",0.986666667,0.106666667,0.193333333,0,0.031666667,0.448333333,0.297511312,0.345022624,0.585649644,0.443891403,0.463046757
51-9196.00,"Paper Goods Machine Setters, Operators, and Tenders",0.921666667,0.12,0.043333333,0,0.075,0.591666667,0.242081448,0.323529412,0.614091791,0.45158371,0.305429864
51-9197.00,Tire Builders,1,0.213333333,0,0.015,0,0.463333333,0.230769231,0.301470588,0.545572075,0.386425339,0.236048265
51-9198.00,Helpers--Production Workers,0.923333333,0.05,0.023333333,0.111666667,0.148333333,0.566666667,0.25678733,0.42081448,0.501292825,0.384162896,0.20361991
53-1041.00,Aircraft Cargo Handling Supervisors,0.6,0.198333333,0,0.245,0.728333333,0.631666667,0.731900452,0.509049774,0.789915966,0.703167421,0.425339367
53-1042.00,"First-Line Supervisors of Helpers, Laborers, and Material Movers, Hand",0.396666667,0.021666667,0.018333333,0.455,0.86,0.646666667,0.863122172,0.609162896,0.731092437,0.687782805,0.463046757
53-1043.00,First-Line Supervisors of Material-Moving Machine and Vehicle Operators,0.626666667,0.138333333,0,0.26,0.7,0.631666667,0.78280543,0.575226244,0.767614738,0.674208145,0.464555053
53-1044.00,First-Line Supervisors of Passenger Attendants,0.266666667,0.008333333,0,0.513333333,0.92,0.705,0.863122172,0.653846154,0.745959922,0.712217195,0.510558069
53-2011.00,"Airline Pilots, Copilots, and Flight Engineers",0.623333333,0.358333333,0.073333333,0.25,0.468333333,0.616666667,0.675339367,0.525452489,0.844537815,0.799095023,0.426093514
53-2012.00,Commercial Pilots,0.631666667,0.258333333,0.016666667,0.261666667,0.486666667,0.636666667,0.647058824,0.491515837,0.833548804,0.814932127,0.55505279
53-2021.00,Air Traffic Controllers,0.591666667,0.241666667,0,0.28,0.548333333,0.665,0.514705882,0.474547511,0.84841629,0.815837104,0.322021116
53-2022.00,Airfield Operations Specialists,0.605,0.423333333,0,0.248333333,0.578333333,0.655,0.691176471,0.557692308,0.849709114,0.757013575,0.490950226
53-2031.00,Flight Attendants,0.506666667,0.173333333,0.045,0.531666667,0.438333333,0.568333333,0.709276018,0.759615385,0.782482224,0.826696833,0.40346908
53-3011.00,"Ambulance Drivers and Attendants, Except Emergency Medical Technicians",0.908333333,0.241666667,0,0.621666667,0.088333333,0.428333333,0.488687783,0.705316742,0.704912734,0.759276018,0.383107089
53-3031.00,Driver/Sales Workers,0.723333333,0,0,0.238333333,0.445,0.611666667,0.576923077,0.53280543,0.678409825,0.605882353,0.343891403
53-3032.00,Heavy and Tractor-Trailer Truck Drivers,1,0.153333333,0,0.055,0.05,0.516666667,0.273755656,0.383484163,0.731738849,0.58280543,0.331825038
53-3033.00,Light Truck Drivers,0.98,0.09,0.003333333,0.06,0.183333333,0.57,0.376696833,0.439479638,0.649967679,0.527149321,0.245852187
53-3051.00,"Bus Drivers, School",0.75,0.101666667,0.035,0.575,0.196666667,0.616666667,0.496606335,0.654411765,0.719133807,0.633484163,0.2239819
53-3052.00,"Bus Drivers, Transit and Intercity",0.825,0,0,0.433333333,0.301666667,0.616666667,0.477375566,0.632918552,0.696186167,0.653846154,0.248868778
53-3053.00,Shuttle Drivers and Chauffeurs,0.916666667,0,0,0.34,0.186666667,0.526666667,0.46719457,0.628393665,0.655462185,0.590045249,0.259426848
53-3054.00,Taxi Drivers,0.788333333,0.016666667,0,0.3,0.248333333,0.633333333,0.436651584,0.502828054,0.626696833,0.609502262,0.325037707
53-4011.00,Locomotive Engineers,1,0.415,0,0.141666667,0.148333333,0.608333333,0.297511312,0.390837104,0.758241758,0.638461538,0.278280543
53-4013.00,"Rail Yard Engineers, Dinkey Operators, and Hostlers",0.963333333,0.17,0,0.126666667,0.178333333,0.55,0.345022624,0.411764706,0.70361991,0.56199095,0.243589744
53-4022.00,"Railroad Brake, Signal, and Switch Operators and Locomotive Firers",1,0.178333333,0,0.036666667,0.071666667,0.541666667,0.340497738,0.439479638,0.705882353,0.563800905,0.22775264
53-4031.00,Railroad Conductors and Yardmasters,0.8,0.161666667,0,0.141666667,0.461666667,0.645,0.726244344,0.478506787,0.767614738,0.69321267,0.374811463
53-4041.00,Subway and Streetcar Operators,0.818333333,0.061666667,0,0.3,0.213333333,0.543333333,0.419683258,0.472285068,0.693277311,0.65520362,0.21719457
53-5011.00,Sailors and Marine Oilers,0.995,0.27,0,0.04,0.235,0.493333333,0.377828054,0.483031674,0.681641888,0.609049774,0.343891403
53-5021.00,"Captains, Mates, and Pilots of Water Vessels",0.768333333,0.273333333,0,0.146666667,0.536666667,0.593333333,0.772624434,0.509615385,0.851001939,0.781447964,0.550527903
53-5022.00,Motorboat Operators,0.923333333,0.203333333,0.02,0.165,0.365,0.443333333,0.59841629,0.480769231,0.7239819,0.649773756,0.38612368
53-5031.00,Ship Engineers,0.906666667,0.423333333,0,0.126666667,0.455,0.651666667,0.601809955,0.491515837,0.830639948,0.701809955,0.559577677
53-6011.00,Bridge and Lock Tenders,0.858333333,0.233333333,0,0.131666667,0.263333333,0.561666667,0.374434389,0.392533937,0.685843568,0.501357466,0.266214178
53-6021.00,Parking Attendants,0.773333333,0,0.025,0.338333333,0.353333333,0.678333333,0.447963801,0.55260181,0.542986425,0.5239819,0.217948718
53-6031.00,Automotive and Watercraft Service Attendants,0.9,0.053333333,0,0.161666667,0.191666667,0.561666667,0.402714932,0.507352941,0.589204913,0.471040724,0.254901961
53-6032.00,Aircraft Service Attendants,0.851666667,0.138333333,0,0.145,0.183333333,0.526666667,0.288461538,0.390271493,0.653199741,0.518552036,0.257164404
53-6041.00,Traffic Technicians,0.645,0.563333333,0.066666667,0.155,0.16,0.578333333,0.406108597,0.462104072,0.637685844,0.517647059,0.438914027
53-6051.00,Transportation Inspectors,0.781666667,0.318333333,0,0.093333333,0.273333333,0.861666667,0.550904977,0.469457014,0.772462831,0.567420814,0.342383107
53-6051.01,Aviation Inspectors,0.761666667,0.515,0,0.07,0.26,0.788333333,0.472850679,0.491515837,0.86716225,0.65520362,0.438159879
53-6051.07,"Transportation Vehicle, Equipment and Systems Inspectors, Except Aviation",1,0.453333333,0,0,0.058333333,0.69,0.331447964,0.377828054,0.738849386,0.491402715,0.312217195
53-6061.00,Passenger Attendants,0.46,0.025,0,0.558333333,0.346666667,0.575,0.588235294,0.769230769,0.645442793,0.651131222,0.31372549
53-7011.00,Conveyor Operators and Tenders,0.855,0.06,0,0.035,0.263333333,0.658333333,0.246606335,0.344457014,0.558500323,0.395475113,0.243589744
53-7021.00,Crane and Tower Operators,1,0.203333333,0,0.031666667,0.05,0.49,0.277149321,0.350678733,0.675177763,0.518552036,0.206636501
53-7031.00,Dredge Operators,0.938333333,0.331666667,0,0.06,0.221666667,0.413333333,0.292986425,0.326923077,0.605365223,0.475113122,0.236802413
53-7041.00,Hoist and Winch Operators,0.981666667,0.091666667,0.011666667,0.075,0.075,0.388333333,0.259049774,0.350113122,0.587265676,0.445248869,0.201357466
53-7051.00,Industrial Truck and Tractor Operators,1,0.13,0,0.018333333,0.038333333,0.451666667,0.245475113,0.337669683,0.592760181,0.44841629,0.237556561
53-7061.00,Cleaners of Vehicles and Equipment,1,0.025,0,0.006666667,0,0.506666667,0.234162896,0.323529412,0.524886878,0.37239819,0.208144796
53-7062.00,"Laborers and Freight, Stock, and Material Movers, Hand",0.84,0.02,0,0.078333333,0.173333333,0.656666667,0.269230769,0.372737557,0.535229476,0.416289593,0.235294118
53-7063.00,Machine Feeders and Offbearers,0.993333333,0.178333333,0,0,0,0.581666667,0.21040724,0.324095023,0.534583064,0.353393665,0.196078431
53-7064.00,"Packers and Packagers, Hand",0.765,0.056666667,0.083333333,0.065,0.211666667,0.735,0.240950226,0.32918552,0.538138332,0.343891403,0.196832579
53-7065.00,Stockers and Order Fillers,0.631666667,0,0,0.146666667,0.381666667,0.875,0.386877828,0.462104072,0.597285068,0.462443439,0.247360483
53-7071.00,Gas Compressor and Gas Pumping Station Operators,0.878333333,0.216666667,0,0.085,0.081666667,0.638333333,0.31561086,0.36821267,0.714932127,0.558823529,0.33785822
53-7072.00,"Pump Operators, Except Wellhead Pumpers",0.946666667,0.211666667,0,0.046666667,0.076666667,0.583333333,0.272624434,0.352941176,0.680995475,0.517647059,0.260180995
53-7073.00,Wellhead Pumpers,0.986666667,0.21,0,0.018333333,0.128333333,0.548333333,0.246606335,0.339366516,0.67291532,0.54841629,0.283559578
53-7081.00,Refuse and Recyclable Material Collectors,1,0.138333333,0,0.048333333,0.06,0.588333333,0.226244344,0.372737557,0.557530705,0.452036199,0.240573152
53-7121.00,"Tank Car, Truck, and Ship Loaders",0.993333333,0.163333333,0,0,0.05,0.628333333,0.257918552,0.34841629,0.663865546,0.454298643,0.238310709
